state,district,rain_gfs_mm,imd_mean_mm,bias_factor,rain_gfs_bc_mm,rain_icon_mm,alert_gfs_raw,alert_gfs_bc,alert_icon,gfs_cal_factor,gfs_cal_threshold_mm,gfs_cal_samples,rain_gfs_cal_mm,alert_gfs_cal,date,cycle_utc
Assam,Marigaon,10.6875,3.2005068986893517,0.3,3.20625,0.0,MODERATE,NO ALERT,NO ALERT,0.433434635411025,12.0,142,10.6875,MODERATE,20261007,18
Bihar,Patna,12.3125,2.822759026765279,0.3,3.6937499999999996,0.0,MODERATE,NO ALERT,NO ALERT,1.3422325217342364,12.0,20,16.526237923852786,MODERATE,20261007,18
Jharkhand,Jamtara,12.25,4.9171553119608795,0.40140043362945954,4.9171553119608795,0.0,MODERATE,NO ALERT,NO ALERT,1.035245183860897,12.0,36,12.681753502295987,MODERATE,20261007,18
Karnataka,Dakshina Kannada,3.883928571428572,13.074860333218266,3.0,11.651785714285715,0.0,NO ALERT,MODERATE,NO ALERT,2.4806010559186467,12.0,19,3.883928571428572,NO ALERT,20261007,18
Kerala,Ernakulam,17.6375,10.177863784469153,0.5770581876382227,10.177863784469153,0.0,MODERATE,MODERATE,NO ALERT,1.7373889891429752,12.0,27,30.643198296009224,MODERATE,20261007,18
Kerala,Kannur,5.046875,10.566954582174347,2.0937618986351647,10.566954582174347,0.0,NO ALERT,MODERATE,NO ALERT,2.01458247523427,12.0,40,5.046875,NO ALERT,20261007,18
Kerala,Kottayam,10.020833333333332,11.370481300741844,1.134684204647835,11.370481300741844,0.0,MODERATE,MODERATE,NO ALERT,2.8212440850246567,12.0,21,10.020833333333332,MODERATE,20261007,18
Meghalaya,South Garo Hills,3.875,11.48625354972332,2.964194464444728,11.48625354972332,0.0,NO ALERT,MODERATE,NO ALERT,1.1875503474825506,12.0,56,3.875,NO ALERT,20261007,18
West Bengal,Birbhum,12.234375,4.032918682809256,0.32963830868428146,4.032918682809256,0.0,MODERATE,NO ALERT,NO ALERT,0.960755288771392,12.0,39,11.7542404860625,MODERATE,20261007,18
