state,district,rain_gfs_mm,imd_mean_mm,bias_factor,rain_gfs_bc_mm,rain_icon_mm,alert_gfs_bc,alert_icon,date,cycle_utc
Andaman and Nicobar,Andaman Islands,0.0,,1.0,0.0,0.0,NO ALERT,NO ALERT,20260326,12
Andaman and Nicobar,Nicobar Islands,0.4375,,,,0.0,NO ALERT,NO ALERT,20260326,12
Andhra Pradesh,Adilabad,0.0,4.0761606715570755,1.0,0.0,0.0,NO ALERT,NO ALERT,20260326,12
Andhra Pradesh,Anantapur,0.0,1.9265067143587822,1.0,0.0,0.0,NO ALERT,NO ALERT,20260326,12
Andhra Pradesh,Chittoor,0.0,3.368414262952397,1.0,0.0,0.0,NO ALERT,NO ALERT,20260326,12
Andhra Pradesh,Cuddapah,0.0,2.8571641284965774,1.0,0.0,0.0,NO ALERT,NO ALERT,20260326,12
Andhra Pradesh,East Godavari,0.0036764706019312143,3.3492775543455537,1.0,0.0036764706019312143,0.0,NO ALERT,NO ALERT,20260326,12
Andhra Pradesh,Guntur,0.0,3.0654587271482976,1.0,0.0,0.0,NO ALERT,NO ALERT,20260326,12
Andhra Pradesh,Hyderabad,0.0,0.0,1.0,0.0,0.0,NO ALERT,NO ALERT,20260326,12
Andhra Pradesh,Karimnagar,0.041666666977107525,3.5730150651793413,1.0,0.041666666977107525,0.0,NO ALERT,NO ALERT,20260326,12
Andhra Pradesh,Khammam,0.0,4.416975799746537,1.0,0.0,0.0,NO ALERT,NO ALERT,20260326,12
Andhra Pradesh,Krishna,0.0,3.4360674204143216,1.0,0.0,0.0,NO ALERT,NO ALERT,20260326,12
Andhra Pradesh,Kurnool,0.0027173913549631834,2.5482708497530937,1.0,0.0027173913549631834,0.0,NO ALERT,NO ALERT,20260326,12
Andhra Pradesh,Mahbubnagar,0.016203703824430704,3.293773324024792,1.0,0.016203703824430704,0.0,NO ALERT,NO ALERT,20260326,12
Andhra Pradesh,Medak,0.01923076994717121,3.901761604718338,1.0,0.01923076994717121,0.0,NO ALERT,NO ALERT,20260326,12
Andhra Pradesh,Nalgonda,0.03125,3.142273747282531,1.0,0.03125,0.0,NO ALERT,NO ALERT,20260326,12
Andhra Pradesh,Nellore,0.0,3.2547211519731425,1.0,0.0,0.0,NO ALERT,NO ALERT,20260326,12
Andhra Pradesh,Nizamabad,0.0,4.24615838111449,1.0,0.0,0.0,NO ALERT,NO ALERT,20260326,12
Andhra Pradesh,Prakasam,0.0,2.9739221101031386,1.0,0.0,0.0,NO ALERT,NO ALERT,20260326,12
Andhra Pradesh,Rangareddi,0.0763888917863369,3.238285027900243,1.0,0.0763888917863369,0.0,NO ALERT,NO ALERT,20260326,12
Andhra Pradesh,Srikakulam,0.0062500000931322575,3.6466694468329797,1.0,0.0062500000931322575,0.0,NO ALERT,NO ALERT,20260326,12
Andhra Pradesh,Vishakhapatnam,0.0,4.049484087779039,1.0,0.0,0.0,NO ALERT,NO ALERT,20260326,12
Andhra Pradesh,Vizianagaram,0.0,3.6526970084354033,1.0,0.0,0.0,NO ALERT,NO ALERT,20260326,12
Andhra Pradesh,Warangal,0.1076388880610466,4.7987332541648655,3.0,0.3229166641831398,0.0,NO ALERT,NO ALERT,20260326,12
Andhra Pradesh,West Godavari,0.0,3.415769921130922,1.0,0.0,0.0,NO ALERT,NO ALERT,20260326,12
Arunachal Pradesh,Changlang,1.234375,4.89083025607038,3.0,3.703125,0.0,NO ALERT,NO ALERT,20260326,12
Arunachal Pradesh,East Kameng,1.525000013411045,5.791025117627562,3.0,4.575000040233135,0.0,NO ALERT,NO ALERT,20260326,12
Arunachal Pradesh,East Siang,0.7767857071012259,6.330953408489022,3.0,2.3303571213036776,0.0,NO ALERT,NO ALERT,20260326,12
Arunachal Pradesh,Kurung Kumey,4.143750011920929,4.137760567638564,0.9985545835860913,4.137760567638564,0.0,NO ALERT,NO ALERT,20260326,12
Arunachal Pradesh,Lohit,2.179166684858501,3.352644383674615,1.538498365898206,3.352644383674615,0.0,NO ALERT,NO ALERT,20260326,12
Arunachal Pradesh,Lower Dibang Valley,1.5,4.36475346556112,2.9098356437074133,4.36475346556112,0.0,NO ALERT,NO ALERT,20260326,12
Arunachal Pradesh,Lower Subansiri,5.287500008940697,6.833237013286107,1.2923379672305826,6.833237013286107,0.0,NO ALERT,NO ALERT,20260326,12
Arunachal Pradesh,Papum Pare,1.6375000178813934,6.720894157286376,3.0,4.91250005364418,0.0,NO ALERT,NO ALERT,20260326,12
Arunachal Pradesh,Tawang,2.9124999884516,3.900652216734135,1.3392797363779134,3.9006522167341346,0.0,NO ALERT,NO ALERT,20260326,12
Arunachal Pradesh,Tirap,2.015625,5.716696637047276,2.836190579620354,5.716696637047276,0.0,NO ALERT,NO ALERT,20260326,12
Arunachal Pradesh,Upper Dibang Valley,2.5397727228701115,5.1357079146900775,2.022113186917917,5.1357079146900775,0.0,NO ALERT,NO ALERT,20260326,12
Arunachal Pradesh,Upper Siang,2.006944451946765,7.19857259797814,3.0,6.0208333558402956,0.0,NO ALERT,NO ALERT,20260326,12
Arunachal Pradesh,Upper Subansiri,3.234375,4.529720501861956,1.4004932952616675,4.529720501861956,0.0,NO ALERT,NO ALERT,20260326,12
Arunachal Pradesh,West Kameng,2.3863636683672667,3.860915239170138,1.6179073166210869,3.860915239170138,0.0,NO ALERT,NO ALERT,20260326,12
Arunachal Pradesh,West Siang,1.9715908821672201,6.463129215372975,3.0,5.91477264650166,0.0,NO ALERT,NO ALERT,20260326,12
Assam,Barpeta,0.2916666651144624,4.229690057692462,3.0,0.8749999953433871,0.0,NO ALERT,NO ALERT,20260326,12
Assam,Bongaigaon,0.09375,5.193898582632003,1.0,0.09375,0.0,NO ALERT,NO ALERT,20260326,12
Assam,Cachar,0.0,6.444271537175053,1.0,0.0,0.0,NO ALERT,NO ALERT,20260326,12
Assam,Darrang,0.412500012665987,4.472307815772213,3.0,1.237500037997961,0.0,NO ALERT,NO ALERT,20260326,12
Assam,Dhemaji,0.328125,5.371290603422955,3.0,0.984375,0.0,NO ALERT,NO ALERT,20260326,12
Assam,Dhuburi,0.0,6.0698758556061,1.0,0.0,0.0,NO ALERT,NO ALERT,20260326,12
Assam,Dibrugarh,0.765625,5.371645166684095,3.0,2.296875,0.0,NO ALERT,NO ALERT,20260326,12
Assam,Goalpara,0.0,5.112245992064204,1.0,0.0,0.0,NO ALERT,NO ALERT,20260326,12
Assam,Golaghat,0.5500000007450581,5.587372981999835,3.0,1.6500000022351742,0.0,NO ALERT,NO ALERT,20260326,12
Assam,Hailakandi,0.0,6.969037029157354,1.0,0.0,0.0,NO ALERT,NO ALERT,20260326,12
Assam,Jorhat,0.6041666679084301,3.849308299664493,3.0,1.8125000037252903,0.0,NO ALERT,NO ALERT,20260326,12
Assam,Kamrup,0.10416666883975267,4.595322947904944,3.0,0.312500006519258,0.0,NO ALERT,NO ALERT,20260326,12
Assam,Karbi Anglong,0.5590277924202383,3.5215658943346013,3.0,1.6770833772607148,0.0,NO ALERT,NO ALERT,20260326,12
Assam,Karimganj,0.0,6.978978345492115,1.0,0.0,0.0,NO ALERT,NO ALERT,20260326,12
Assam,Kokrajhar,0.140625,6.306809190808706,3.0,0.421875,0.0,NO ALERT,NO ALERT,20260326,12
Assam,Lakhimpur,2.2083333879709244,7.606728222571552,3.0,6.625000163912773,0.0,NO ALERT,NO ALERT,20260326,12
Assam,Marigaon,0.0,3.2005068986893517,1.0,0.0,0.0,NO ALERT,NO ALERT,20260326,12
Assam,Nagaon,0.16666666697710752,4.233937135175482,3.0,0.5000000009313226,0.0,NO ALERT,NO ALERT,20260326,12
Assam,Nalbari,0.375,3.8994412764090383,3.0,1.125,0.0,NO ALERT,NO ALERT,20260326,12
Assam,North Cachar Hills,0.0,4.569639355789892,1.0,0.0,0.0,NO ALERT,NO ALERT,20260326,12
Assam,Sibsagar,0.8749999962747097,5.58661788282193,3.0,2.624999988824129,0.0,NO ALERT,NO ALERT,20260326,12
Assam,Sonitpur,0.6999999899417162,5.10844658204954,3.0,2.0999999698251486,0.0,NO ALERT,NO ALERT,20260326,12
Assam,Tinsukia,0.02500000037252903,5.118477881134373,1.0,0.02500000037252903,0.0,NO ALERT,NO ALERT,20260326,12
Bihar,Araria,0.0,3.4563262750381885,1.0,0.0,0.0,NO ALERT,NO ALERT,20260326,12
Bihar,Aurangabad,0.0,2.435437284076595,1.0,0.0,0.0,NO ALERT,NO ALERT,20260326,12
Bihar,Banka,0.0,3.132104997132739,1.0,0.0,0.0,NO ALERT,NO ALERT,20260326,12
Bihar,Begusarai,0.0,3.9943963094321018,1.0,0.0,0.0,NO ALERT,NO ALERT,20260326,12
Bihar,Bhabua,0.0,2.612368947774444,1.0,0.0,0.0,NO ALERT,NO ALERT,20260326,12
Bihar,Bhagalpur,0.0,2.627949439710406,1.0,0.0,0.0,NO ALERT,NO ALERT,20260326,12
Bihar,Bhojpur,0.0,2.0000855676319502,1.0,0.0,0.0,NO ALERT,NO ALERT,20260326,12
Bihar,Buxar,0.0,2.5236547584811304,1.0,0.0,0.0,NO ALERT,NO ALERT,20260326,12
Bihar,Darbhanga,0.0,3.094437751617946,1.0,0.0,0.0,NO ALERT,NO ALERT,20260326,12
Bihar,Gaya,0.0,2.9891710743593842,1.0,0.0,0.0,NO ALERT,NO ALERT,20260326,12
Bihar,Gopalganj,0.0,2.6663937094429992,1.0,0.0,0.0,NO ALERT,NO ALERT,20260326,12
Bihar,Jamui,0.0,3.042330241380217,1.0,0.0,0.0,NO ALERT,NO ALERT,20260326,12
Bihar,Jehanabad,0.0,2.3227897980441785,1.0,0.0,0.0,NO ALERT,NO ALERT,20260326,12
Bihar,Katihar,0.0,3.0951194992743125,1.0,0.0,0.0,NO ALERT,NO ALERT,20260326,12
Bihar,Khagaria,0.0,3.271880493639675,1.0,0.0,0.0,NO ALERT,NO ALERT,20260326,12
Bihar,Kishanganj,0.0,6.333738160051712,1.0,0.0,0.0,NO ALERT,NO ALERT,20260326,12
Bihar,Lakhisarai,0.0,2.8760375851093363,1.0,0.0,0.0,NO ALERT,NO ALERT,20260326,12
Bihar,Madhepura,0.0,3.0318052939101032,1.0,0.0,0.0,NO ALERT,NO ALERT,20260326,12
Bihar,Madhubani,0.0,2.8097297488377517,1.0,0.0,0.0,NO ALERT,NO ALERT,20260326,12
Bihar,Munger,0.0,3.034881180933077,1.0,0.0,0.0,NO ALERT,NO ALERT,20260326,12
Bihar,Muzaffarpur,0.0,2.179447337729882,1.0,0.0,0.0,NO ALERT,NO ALERT,20260326,12
Bihar,Nalanda,0.0,3.185450972228834,1.0,0.0,0.0,NO ALERT,NO ALERT,20260326,12
Bihar,Nawada,0.0,2.618970641922461,1.0,0.0,0.0,NO ALERT,NO ALERT,20260326,12
Bihar,Pashchim Champaran,0.0,3.2414981748092258,1.0,0.0,0.0,NO ALERT,NO ALERT,20260326,12
Bihar,Patna,0.0,2.68387096503826,1.0,0.0,0.0,NO ALERT,NO ALERT,20260326,12
Bihar,Purba Champaran,0.0,2.685162770417455,1.0,0.0,0.0,NO ALERT,NO ALERT,20260326,12
Bihar,Purnia,0.0,3.033360581698755,1.0,0.0,0.0,NO ALERT,NO ALERT,20260326,12
Bihar,Rohtas,0.0,2.5139839563916806,1.0,0.0,0.0,NO ALERT,NO ALERT,20260326,12
Bihar,Saharsa,0.0,2.490299851974668,1.0,0.0,0.0,NO ALERT,NO ALERT,20260326,12
Bihar,Samastipur,0.0,2.8895152297228166,1.0,0.0,0.0,NO ALERT,NO ALERT,20260326,12
Bihar,Saran,0.0,2.539369545334006,1.0,0.0,0.0,NO ALERT,NO ALERT,20260326,12
Bihar,Sheikhpura,0.0,2.2952085739741586,1.0,0.0,0.0,NO ALERT,NO ALERT,20260326,12
Bihar,Sheohar,0.0,2.3062907262615964,1.0,0.0,0.0,NO ALERT,NO ALERT,20260326,12
Bihar,Sitamarhi,0.0,2.3511557362055124,1.0,0.0,0.0,NO ALERT,NO ALERT,20260326,12
Bihar,Siwan,0.0,3.1477599899790603,1.0,0.0,0.0,NO ALERT,NO ALERT,20260326,12
Bihar,Supaul,0.0,4.323036430327043,1.0,0.0,0.0,NO ALERT,NO ALERT,20260326,12
Bihar,Vaishali,0.0,2.5530183405653664,1.0,0.0,0.0,NO ALERT,NO ALERT,20260326,12
Chandigarh,Chandigarh,0.0,3.3424762437196627,1.0,0.0,0.0,NO ALERT,NO ALERT,20260326,12
Chhattisgarh,Bastar,0.04545454680919647,4.3570775285186905,1.0,0.04545454680919647,0.0,NO ALERT,NO ALERT,20260326,12
Chhattisgarh,Bilaspur,0.015625,3.6573216583937,1.0,0.015625,0.0,NO ALERT,NO ALERT,20260326,12
Chhattisgarh,Dantewada,0.03532608738169074,5.168888140748909,1.0,0.03532608738169074,0.0,NO ALERT,NO ALERT,20260326,12
Chhattisgarh,Dhamtari,0.34375,3.6842112810576344,3.0,1.03125,0.0,NO ALERT,NO ALERT,20260326,12
Chhattisgarh,Durg,0.015625000465661287,3.2083347326782468,1.0,0.015625000465661287,0.0,NO ALERT,NO ALERT,20260326,12
Chhattisgarh,Janjgir-Champa,0.0,3.9399775100080934,1.0,0.0,0.0,NO ALERT,NO ALERT,20260326,12
Chhattisgarh,Jashpur,0.0,3.7283819402652245,1.0,0.0,0.0,NO ALERT,NO ALERT,20260326,12
Chhattisgarh,Kanker,0.1041666641831398,4.337277670336187,3.0,0.3124999925494194,0.0,NO ALERT,NO ALERT,20260326,12
Chhattisgarh,Kawardha,0.031250000931322575,2.442919880386493,1.0,0.031250000931322575,0.0,NO ALERT,NO ALERT,20260326,12
Chhattisgarh,Korba,0.0069444444961845875,3.3406741153159643,1.0,0.0069444444961845875,0.0,NO ALERT,NO ALERT,20260326,12
Chhattisgarh,Koriya,0.1818181872367859,3.694853365239438,3.0,0.5454545617103577,0.0,NO ALERT,NO ALERT,20260326,12
Chhattisgarh,Mahasamund,1.1607142686843872,3.578157983134171,3.0,3.4821428060531616,0.0,NO ALERT,NO ALERT,20260326,12
Chhattisgarh,Raigarh,0.005681818351149559,3.683984084603647,1.0,0.005681818351149559,0.0,NO ALERT,NO ALERT,20260326,12
Chhattisgarh,Raipur,0.44140625,3.540697332435887,3.0,1.32421875,0.0,NO ALERT,NO ALERT,20260326,12
Chhattisgarh,Raj Nandgaon,0.0,3.440559333345736,1.0,0.0,0.0,NO ALERT,NO ALERT,20260326,12
Chhattisgarh,Surguja,0.3385416567325592,4.257611592557094,3.0,1.0156249701976776,0.0,NO ALERT,NO ALERT,20260326,12
Dadra and Nagar Haveli,Dadra and Nagar Haveli,0.0,9.264040700499326,1.0,0.0,0.0,NO ALERT,NO ALERT,20260326,12
Daman and Diu,Daman,0.0,0.0,1.0,0.0,0.0,NO ALERT,NO ALERT,20260326,12
Daman and Diu,Junagadh,0.0,3.6368206819851103,1.0,0.0,0.0,NO ALERT,NO ALERT,20260326,12
Delhi,Delhi,1.3333333805203438,1.9200712068984498,1.4400533542099778,1.9200712068984498,0.0,NO ALERT,NO ALERT,20260326,12
Goa,North Goa,0.0,13.505431099511581,1.0,0.0,0.0,NO ALERT,NO ALERT,20260326,12
Goa,South Goa,0.0,14.29902814466115,1.0,0.0,0.0,NO ALERT,NO ALERT,20260326,12
Gujarat,Ahmadabad,0.0,2.529961809636387,1.0,0.0,0.0,NO ALERT,NO ALERT,20260326,12
Gujarat,Amreli,0.0,2.5750922947453976,1.0,0.0,0.0,NO ALERT,NO ALERT,20260326,12
Gujarat,Anand,0.0,3.065482129160672,1.0,0.0,0.0,NO ALERT,NO ALERT,20260326,12
Gujarat,Banas Kantha,0.0,2.7459797826531815,1.0,0.0,0.0,NO ALERT,NO ALERT,20260326,12
Gujarat,Bharuch,0.0,3.9169908557036153,1.0,0.0,0.0,NO ALERT,NO ALERT,20260326,12
Gujarat,Bhavnagar,0.0,2.9053857857131793,1.0,0.0,0.0,NO ALERT,NO ALERT,20260326,12
Gujarat,Dahod,0.0,2.906769464824978,1.0,0.0,0.0,NO ALERT,NO ALERT,20260326,12
Gujarat,Gandhinagar,0.0,2.876370356344197,1.0,0.0,0.0,NO ALERT,NO ALERT,20260326,12
Gujarat,Jamnagar,0.0,2.4818618488651127,1.0,0.0,0.0,NO ALERT,NO ALERT,20260326,12
Gujarat,Junagadh,0.0,3.6205693714645406,1.0,0.0,0.0,NO ALERT,NO ALERT,20260326,12
Gujarat,Kachchh,0.0,2.0250569240912184,1.0,0.0,0.0,NO ALERT,NO ALERT,20260326,12
Gujarat,Kheda,0.0,3.163180482646102,1.0,0.0,0.0,NO ALERT,NO ALERT,20260326,12
Gujarat,Mahesana,0.0,2.6270610681514452,1.0,0.0,0.0,NO ALERT,NO ALERT,20260326,12
Gujarat,Narmada,0.0,5.34905416001502,1.0,0.0,0.0,NO ALERT,NO ALERT,20260326,12
Gujarat,Navsari,0.0,6.1155705042642685,1.0,0.0,0.0,NO ALERT,NO ALERT,20260326,12
Gujarat,Panch Mahals,0.0,3.3990253138909603,1.0,0.0,0.0,NO ALERT,NO ALERT,20260326,12
Gujarat,Patan,0.0,2.0096662662843956,1.0,0.0,0.0,NO ALERT,NO ALERT,20260326,12
Gujarat,Porbandar,0.0,3.1946614089757883,1.0,0.0,0.0,NO ALERT,NO ALERT,20260326,12
Gujarat,Rajkot,0.0,2.388839702446983,1.0,0.0,0.0,NO ALERT,NO ALERT,20260326,12
Gujarat,Sabar Kantha,0.0,3.5320490326284455,1.0,0.0,0.0,NO ALERT,NO ALERT,20260326,12
Gujarat,Surat,0.0,4.690214726257405,1.0,0.0,0.0,NO ALERT,NO ALERT,20260326,12
Gujarat,Surendranagar,0.0,1.9329296547555488,1.0,0.0,0.0,NO ALERT,NO ALERT,20260326,12
Gujarat,The Dangs,0.0,6.600081143191416,1.0,0.0,0.0,NO ALERT,NO ALERT,20260326,12
Gujarat,Vadodara,0.0,3.6477713673320262,1.0,0.0,0.0,NO ALERT,NO ALERT,20260326,12
Gujarat,Valsad,0.0,8.312652764760264,1.0,0.0,0.0,NO ALERT,NO ALERT,20260326,12
Haryana,Ambala,0.0,2.704910964944047,1.0,0.0,0.0,NO ALERT,NO ALERT,20260326,12
Haryana,Bhiwani,0.6517857164144516,1.7535685586427756,2.690406546939013,1.7535685586427756,0.0,NO ALERT,NO ALERT,20260326,12
Haryana,Faridabad,2.015625,1.7016664346501436,0.8442376109892185,1.7016664346501436,0.0,NO ALERT,NO ALERT,20260326,12
Haryana,Fatehabad,0.20833333022892475,1.5311414072162484,3.0,0.6249999906867743,0.0,NO ALERT,NO ALERT,20260326,12
Haryana,Gurgaon,2.53125,2.600977749413211,1.0275467652002808,2.6009777494132105,0.0,NO ALERT,NO ALERT,20260326,12
Haryana,Hisar,0.07500000018626451,1.6381996895189155,1.0,0.07500000018626451,0.0,NO ALERT,NO ALERT,20260326,12
Haryana,Jhajjar,1.145833333954215,2.458093470933775,2.1452452098343255,2.458093470933775,0.0,NO ALERT,NO ALERT,20260326,12
Haryana,Jind,0.015625,1.3022532545948682,1.0,0.015625,0.0,NO ALERT,NO ALERT,20260326,12
Haryana,Kaithal,0.22916666232049465,1.7808083626709572,3.0,0.687499986961484,0.0,NO ALERT,NO ALERT,20260326,12
Haryana,Karnal,0.012500000186264515,1.8186899942037178,1.0,0.012500000186264515,0.0,NO ALERT,NO ALERT,20260326,12
Haryana,Kurukshetra,0.03125,2.771564780522699,1.0,0.03125,0.0,NO ALERT,NO ALERT,20260326,12
Haryana,Mahendragarh,0.6875,2.597586792921775,3.0,2.0625,0.0,NO ALERT,NO ALERT,20260326,12
Haryana,Panchkula,0.0,6.045965971930387,1.0,0.0,0.0,NO ALERT,NO ALERT,20260326,12
Haryana,Panipat,0.0,2.0180696275952745,1.0,0.0,0.0,NO ALERT,NO ALERT,20260326,12
Haryana,Rewari,1.8125,2.517367081058352,1.388892182652884,2.517367081058352,0.0,NO ALERT,NO ALERT,20260326,12
Haryana,Rohtak,0.3750000111758709,2.1793504667132413,3.0,1.1250000335276127,0.0,NO ALERT,NO ALERT,20260326,12
Haryana,Sirsa,0.3750000102445483,1.5294669070778644,3.0,1.125000030733645,0.0,NO ALERT,NO ALERT,20260326,12
Haryana,Sonepat,0.125,1.9471330397341349,3.0,0.375,0.0,NO ALERT,NO ALERT,20260326,12
Haryana,Yamuna Nagar,0.0,3.416164347345698,1.0,0.0,0.0,NO ALERT,NO ALERT,20260326,12
Himachal Pradesh,Bilaspur,0.0,4.557276909145182,1.0,0.0,0.0,NO ALERT,NO ALERT,20260326,12
Himachal Pradesh,Chamba,2.1477273032069206,4.028085545694472,1.8755107036539778,4.028085545694472,0.0,NO ALERT,NO ALERT,20260326,12
Himachal Pradesh,Hamirpur,0.0,5.297622990618422,1.0,0.0,0.0,NO ALERT,NO ALERT,20260326,12
Himachal Pradesh,Kangra,1.25,6.058689285748422,3.0,3.75,0.0,NO ALERT,NO ALERT,20260326,12
Himachal Pradesh,Kinnaur,2.3181817810982466,1.4515587624955741,0.6261626134460833,1.4515587624955741,0.0,NO ALERT,NO ALERT,20260326,12
Himachal Pradesh,Kullu,2.890625,4.135258982519376,1.4305760804391356,4.135258982519376,0.0,NO ALERT,NO ALERT,20260326,12
Himachal Pradesh,Lahul and Spiti,0.618055576691404,1.9885549933670863,3.0,1.854166730074212,0.0,NO ALERT,NO ALERT,20260326,12
Himachal Pradesh,Mandi,0.42499998211860657,5.930121652994254,3.0,1.2749999463558197,0.0,NO ALERT,NO ALERT,20260326,12
Himachal Pradesh,Shimla,1.5486111044883728,4.0182339860378695,2.594734064860917,4.0182339860378695,0.0,NO ALERT,NO ALERT,20260326,12
Himachal Pradesh,Sirmaur,0.22500000149011612,5.561047621083586,3.0,0.6750000044703484,0.0,NO ALERT,NO ALERT,20260326,12
Himachal Pradesh,Solan,0.0,4.776543091523321,1.0,0.0,0.0,NO ALERT,NO ALERT,20260326,12
Himachal Pradesh,Una,0.0,4.760764894001696,1.0,0.0,0.0,NO ALERT,NO ALERT,20260326,12
Jammu and Kashmir,Anantnag (Kashmir South),1.8839285802096128,2.7242648947058123,1.446055292819381,2.7242648947058123,0.0,NO ALERT,NO ALERT,20260326,12
Jammu and Kashmir,Bagdam,1.2708333134651184,1.6657434171669558,1.3107489389187128,1.6657434171669558,0.0,NO ALERT,NO ALERT,20260326,12
Jammu and Kashmir,Baramula (Kashmir North),0.4017857164144516,2.0614657766431743,3.0,1.2053571492433548,0.0,NO ALERT,NO ALERT,20260326,12
Jammu and Kashmir,Doda,1.9852941448334605,2.7725555083583093,1.3965464591600303,2.7725555083583093,0.0,NO ALERT,NO ALERT,20260326,12
Jammu and Kashmir,Jammu,0.0,5.535667909023492,1.0,0.0,0.0,NO ALERT,NO ALERT,20260326,12
Jammu and Kashmir,Kargil,0.7581521838437766,1.2119303932532162,1.598531823925926,1.2119303932532162,0.0,NO ALERT,NO ALERT,20260326,12
Jammu and Kashmir,Kathua,0.734375,6.343467680349538,3.0,2.203125,0.0,NO ALERT,NO ALERT,20260326,12
Jammu and Kashmir,Kupwara (Muzaffarabad),0.2500000074505806,2.0692131354914953,3.0,0.7500000223517418,0.0,NO ALERT,NO ALERT,20260326,12
Jammu and Kashmir,Ladakh (Leh),0.33083333575632423,0.6180984136873184,1.8683075339861752,0.6180984136873184,0.0,NO ALERT,NO ALERT,20260326,12
Jammu and Kashmir,Pulwama,0.6875,2.0657659869283846,3.0,2.0625,0.0,NO ALERT,NO ALERT,20260326,12
Jammu and Kashmir,Punch,0.6749999970197678,2.235986455915725,3.0,2.0249999910593033,0.0,NO ALERT,NO ALERT,20260326,12
Jammu and Kashmir,Rajauri,0.7395833134651184,5.424694081351637,3.0,2.2187499403953552,0.0,NO ALERT,NO ALERT,20260326,12
Jammu and Kashmir,Srinagar,1.1875,2.2801307443682464,1.9201101005206285,2.2801307443682464,0.0,NO ALERT,NO ALERT,20260326,12
Jammu and Kashmir,Udhampur,0.5390625,5.385398581858776,3.0,1.6171875,0.0,NO ALERT,NO ALERT,20260326,12
Jharkhand,Bokaro,0.0,4.700562288208979,1.0,0.0,0.0,NO ALERT,NO ALERT,20260326,12
Jharkhand,Chatra,0.010416666977107525,3.6032163306900626,1.0,0.010416666977107525,0.0,NO ALERT,NO ALERT,20260326,12
Jharkhand,Deoghar,0.0,3.941082497140112,1.0,0.0,0.0,NO ALERT,NO ALERT,20260326,12
Jharkhand,Dhanbad,0.0,4.259816988639227,1.0,0.0,0.0,NO ALERT,NO ALERT,20260326,12
Jharkhand,Dumka,0.0,3.9080785481692994,1.0,0.0,0.0,NO ALERT,NO ALERT,20260326,12
Jharkhand,Garhwa,0.1041666641831398,3.1324157564267177,3.0,0.3124999925494194,0.0,NO ALERT,NO ALERT,20260326,12
Jharkhand,Giridih,0.0,3.512664829245577,1.0,0.0,0.0,NO ALERT,NO ALERT,20260326,12
Jharkhand,Godda,0.0,3.569494286016242,1.0,0.0,0.0,NO ALERT,NO ALERT,20260326,12
Jharkhand,Gumla,0.0,4.433724703415208,1.0,0.0,0.0,NO ALERT,NO ALERT,20260326,12
Jharkhand,Hazaribag,0.0,3.8777191527085764,1.0,0.0,0.0,NO ALERT,NO ALERT,20260326,12
Jharkhand,Jamtara,0.0,4.91715531196088,1.0,0.0,0.0,NO ALERT,NO ALERT,20260326,12
Jharkhand,Koderma,0.0,3.495051342051595,1.0,0.0,0.0,NO ALERT,NO ALERT,20260326,12
Jharkhand,Latehar,0.1041666641831398,4.138837377107851,3.0,0.3124999925494194,0.0,NO ALERT,NO ALERT,20260326,12
Jharkhand,Lohardaga,0.0625,4.829176806076749,1.0,0.0625,0.0,NO ALERT,NO ALERT,20260326,12
Jharkhand,Pakur,0.0,3.753063220153116,1.0,0.0,0.0,NO ALERT,NO ALERT,20260326,12
Jharkhand,Palamu,0.0803571417927742,3.6946009661907553,1.0,0.0803571417927742,0.0,NO ALERT,NO ALERT,20260326,12
Jharkhand,Pashchim Singhbhum,0.0,4.9417450829472855,1.0,0.0,0.0,NO ALERT,NO ALERT,20260326,12
Jharkhand,Purba Singhbhum,0.0,5.9425169343287,1.0,0.0,0.0,NO ALERT,NO ALERT,20260326,12
Jharkhand,Ranchi,0.022727273404598236,5.027724408596791,1.0,0.022727273404598236,0.0,NO ALERT,NO ALERT,20260326,12
Jharkhand,Sahibganj,0.0,4.044751788381844,1.0,0.0,0.0,NO ALERT,NO ALERT,20260326,12
Jharkhand,Saraikela Kharsawan,0.0,5.733616504250052,1.0,0.0,0.0,NO ALERT,NO ALERT,20260326,12
Jharkhand,Simdega,0.0,4.722004674285753,1.0,0.0,0.0,NO ALERT,NO ALERT,20260326,12
Karnataka,Bagalkot,0.012500000186264515,2.319289345765767,1.0,0.012500000186264515,0.0,NO ALERT,NO ALERT,20260326,12
Karnataka,Bangalore Rural,0.0,2.1884747372885505,1.0,0.0,0.0,NO ALERT,NO ALERT,20260326,12
Karnataka,Bangalore Urban,0.0,2.474732405360635,1.0,0.0,0.0,NO ALERT,NO ALERT,20260326,12
Karnataka,Belgaum,0.022058824077248573,2.556751311296037,1.0,0.022058824077248573,0.0,NO ALERT,NO ALERT,20260326,12
Karnataka,Bellary,0.0,2.2268001976004275,1.0,0.0,0.0,NO ALERT,NO ALERT,20260326,12
Karnataka,Bidar,0.0069444444961845875,3.882271862281784,1.0,0.0069444444961845875,0.0,NO ALERT,NO ALERT,20260326,12
Karnataka,Bijapur,0.0,2.7813795239199863,1.0,0.0,0.0,NO ALERT,NO ALERT,20260326,12
Karnataka,Chamrajnagar,0.0,2.249279313201093,1.0,0.0,0.0,NO ALERT,NO ALERT,20260326,12
Karnataka,Chikmagalur,0.39375001192092896,4.768645332863886,3.0,1.1812500357627869,0.0,NO ALERT,NO ALERT,20260326,12
Karnataka,Chitradurga,0.0,1.8952326569172693,1.0,0.0,0.0,NO ALERT,NO ALERT,20260326,12
Karnataka,Dakshin Kannad,0.2916666669771075,12.874028079007587,3.0,0.8750000009313226,0.0,NO ALERT,NO ALERT,20260326,12
Karnataka,Davanagere,0.0,2.309611436012775,1.0,0.0,0.0,NO ALERT,NO ALERT,20260326,12
Karnataka,Dharwad,0.0,2.4117541399567504,1.0,0.0,0.0,NO ALERT,NO ALERT,20260326,12
Karnataka,Gadag,0.1953125,2.455198157458783,3.0,0.5859375,0.0,NO ALERT,NO ALERT,20260326,12
Karnataka,Gulbarga,0.1011904776096344,3.212315544752381,3.0,0.3035714328289032,0.0,NO ALERT,NO ALERT,20260326,12
Karnataka,Hassan,0.04374999925494194,2.7558190115388124,1.0,0.04374999925494194,0.0,NO ALERT,NO ALERT,20260326,12
Karnataka,Haveri,0.0,2.1994116749257255,1.0,0.0,0.0,NO ALERT,NO ALERT,20260326,12
Karnataka,Kodagu,0.578125,4.04941120376836,3.0,1.734375,0.0,NO ALERT,NO ALERT,20260326,12
Karnataka,Kolar,0.0,2.571202077977313,1.0,0.0,0.0,NO ALERT,NO ALERT,20260326,12
Karnataka,Koppal,0.01785714365541935,2.4781246175767158,1.0,0.01785714365541935,0.0,NO ALERT,NO ALERT,20260326,12
Karnataka,Mandya,0.0,3.0783494458036267,1.0,0.0,0.0,NO ALERT,NO ALERT,20260326,12
Karnataka,Mysore,0.015625,2.2915660281576318,1.0,0.015625,0.0,NO ALERT,NO ALERT,20260326,12
Karnataka,Raichur,0.0052083334885537624,2.6592495039394595,1.0,0.0052083334885537624,0.0,NO ALERT,NO ALERT,20260326,12
Karnataka,Shimoga,0.0,6.5878155576893285,1.0,0.0,0.0,NO ALERT,NO ALERT,20260326,12
Karnataka,Tumkur,0.0,2.168850454328069,1.0,0.0,0.0,NO ALERT,NO ALERT,20260326,12
Karnataka,Udupi,0.03125,14.528715578466654,1.0,0.03125,0.0,NO ALERT,NO ALERT,20260326,12
Karnataka,Uttar Kannand,0.0,7.687415564985057,1.0,0.0,0.0,NO ALERT,NO ALERT,20260326,12
Kerala,Alappuzha,0.3125,9.130161097074208,3.0,0.9375,0.0,NO ALERT,NO ALERT,20260326,12
Kerala,Ernakulam,0.25,10.186864899134594,3.0,0.75,0.0,NO ALERT,NO ALERT,20260326,12
Kerala,Idukki,0.22500000335276127,7.290472703204579,3.0,0.6750000100582838,0.0,NO ALERT,NO ALERT,20260326,12
Kerala,Kannur,0.203125,10.566954582174347,3.0,0.609375,0.0,NO ALERT,NO ALERT,20260326,12
Kerala,Kasaragod,0.2083333395421505,13.983345633411789,3.0,0.6250000186264515,0.0,NO ALERT,NO ALERT,20260326,12
Kerala,Kollam,0.0,7.2060114334605325,1.0,0.0,0.0,NO ALERT,NO ALERT,20260326,12
Kerala,Kottayam,0.21875,10.834715970110608,3.0,0.65625,0.0,NO ALERT,NO ALERT,20260326,12
Kerala,Kozhikode,0.0,9.77419865513093,1.0,0.0,0.0,NO ALERT,NO ALERT,20260326,12
Kerala,Malappuram,0.012500000186264515,7.624092894494534,1.0,0.012500000186264515,0.0,NO ALERT,NO ALERT,20260326,12
Kerala,Palakkad,0.02083333395421505,6.467555750474402,1.0,0.02083333395421505,0.0,NO ALERT,NO ALERT,20260326,12
Kerala,Pattanamtitta,0.1041666641831398,5.576750694501073,3.0,0.3124999925494194,0.0,NO ALERT,NO ALERT,20260326,12
Kerala,Thiruvananthapuram,0.0,5.379081669810428,1.0,0.0,0.0,NO ALERT,NO ALERT,20260326,12
Kerala,Thrissur,0.03125,9.53189960109861,1.0,0.03125,0.0,NO ALERT,NO ALERT,20260326,12
Kerala,Wayanad,0.0,5.060368582616522,1.0,0.0,0.0,NO ALERT,NO ALERT,20260326,12
Lakshadweep,Kavaratti,0.0,0.0,1.0,0.0,0.0,NO ALERT,NO ALERT,20260326,12
Madhya Pradesh,Anuppur,0.0625,3.339881654757343,1.0,0.0625,0.0,NO ALERT,NO ALERT,20260326,12
Madhya Pradesh,Ashoknagar,0.0,4.194420456246698,1.0,0.0,0.0,NO ALERT,NO ALERT,20260326,12
Madhya Pradesh,Balaghat,0.01923076994717121,3.8944276737824506,1.0,0.01923076994717121,0.0,NO ALERT,NO ALERT,20260326,12
Madhya Pradesh,Barwani,0.0,2.6780908407362767,1.0,0.0,0.0,NO ALERT,NO ALERT,20260326,12
Madhya Pradesh,Betul,0.00390625,3.04709852689571,1.0,0.00390625,0.0,NO ALERT,NO ALERT,20260326,12
Madhya Pradesh,Bhind,0.47321429569274187,2.672221248120128,3.0,1.4196428870782256,0.0,NO ALERT,NO ALERT,20260326,12
Madhya Pradesh,Bhopal,0.0,3.5732357434663053,1.0,0.0,0.0,NO ALERT,NO ALERT,20260326,12
Madhya Pradesh,Burhanpur,0.0,2.7952609926530214,1.0,0.0,0.0,NO ALERT,NO ALERT,20260326,12
Madhya Pradesh,Chhatarpur,0.187499996740371,3.6884301831932036,3.0,0.562499990221113,0.0,NO ALERT,NO ALERT,20260326,12
Madhya Pradesh,Chhindwara,0.0,3.2933654544451465,1.0,0.0,0.0,NO ALERT,NO ALERT,20260326,12
Madhya Pradesh,Damoh,0.0062500000931322575,3.2008844032863233,1.0,0.0062500000931322575,0.0,NO ALERT,NO ALERT,20260326,12
Madhya Pradesh,Datia,0.27083333022892475,2.4280065264671906,3.0,0.8124999906867743,0.0,NO ALERT,NO ALERT,20260326,12
Madhya Pradesh,Dewas,0.0,3.2608147782799497,1.0,0.0,0.0,NO ALERT,NO ALERT,20260326,12
Madhya Pradesh,Dhar,0.0,2.6995086341576737,1.0,0.0,0.0,NO ALERT,NO ALERT,20260326,12
Madhya Pradesh,Dindori,0.0,3.3649828720378547,1.0,0.0,0.0,NO ALERT,NO ALERT,20260326,12
Madhya Pradesh,East Nimar,0.0,2.750688711539523,1.0,0.0,0.0,NO ALERT,NO ALERT,20260326,12
Madhya Pradesh,Guna,0.0,4.3769089363844245,1.0,0.0,0.0,NO ALERT,NO ALERT,20260326,12
Madhya Pradesh,Gwalior,0.0803571417927742,3.426436588748444,1.0,0.0803571417927742,0.0,NO ALERT,NO ALERT,20260326,12
Madhya Pradesh,Harda,0.0,3.70366213634338,1.0,0.0,0.0,NO ALERT,NO ALERT,20260326,12
Madhya Pradesh,Hoshangabad,0.0,4.7215348838716515,1.0,0.0,0.0,NO ALERT,NO ALERT,20260326,12
Madhya Pradesh,Indore,0.0,2.8145666357180845,1.0,0.0,0.0,NO ALERT,NO ALERT,20260326,12
Madhya Pradesh,Jabalpur,0.0,3.587099837562809,1.0,0.0,0.0,NO ALERT,NO ALERT,20260326,12
Madhya Pradesh,Jhabua,0.0,3.2909764208389474,1.0,0.0,0.0,NO ALERT,NO ALERT,20260326,12
Madhya Pradesh,Katni,0.0,3.462545640102079,1.0,0.0,0.0,NO ALERT,NO ALERT,20260326,12
Madhya Pradesh,Mandla,0.0,4.256153364267761,1.0,0.0,0.0,NO ALERT,NO ALERT,20260326,12
Madhya Pradesh,Mandsaur,0.0,3.002173878842202,1.0,0.0,0.0,NO ALERT,NO ALERT,20260326,12
Madhya Pradesh,Morena,0.2232142873108387,2.8196493521157775,3.0,0.6696428619325161,0.0,NO ALERT,NO ALERT,20260326,12
Madhya Pradesh,Narsinghpur,0.0,4.068912805013551,1.0,0.0,0.0,NO ALERT,NO ALERT,20260326,12
Madhya Pradesh,Neemuch,0.0,3.490980359180469,1.0,0.0,0.0,NO ALERT,NO ALERT,20260326,12
Madhya Pradesh,Panna,0.0555555559694767,3.132913968511368,1.0,0.0555555559694767,0.0,NO ALERT,NO ALERT,20260326,12
Madhya Pradesh,Raisen,0.0,4.433894129675817,1.0,0.0,0.0,NO ALERT,NO ALERT,20260326,12
Madhya Pradesh,Rajgarh,0.0,4.1250391511534525,1.0,0.0,0.0,NO ALERT,NO ALERT,20260326,12
Madhya Pradesh,Ratlam,0.0,3.8331055259306543,1.0,0.0,0.0,NO ALERT,NO ALERT,20260326,12
Madhya Pradesh,Rewa,0.1180555522441864,3.295972079963989,3.0,0.3541666567325592,0.0,NO ALERT,NO ALERT,20260326,12
Madhya Pradesh,Sagar,0.0,3.4330260527827967,1.0,0.0,0.0,NO ALERT,NO ALERT,20260326,12
Madhya Pradesh,Satna,0.05681818351149559,3.2837150256370995,1.0,0.05681818351149559,0.0,NO ALERT,NO ALERT,20260326,12
Madhya Pradesh,Sehore,0.0,3.541563743439643,1.0,0.0,0.0,NO ALERT,NO ALERT,20260326,12
Madhya Pradesh,Seoni,0.024038461968302727,4.119440837414863,1.0,0.024038461968302727,0.0,NO ALERT,NO ALERT,20260326,12
Madhya Pradesh,Shahdol,0.010416666977107525,3.519315918982369,1.0,0.010416666977107525,0.0,NO ALERT,NO ALERT,20260326,12
Madhya Pradesh,Shajapur,0.0,2.8721319489876924,1.0,0.0,0.0,NO ALERT,NO ALERT,20260326,12
Madhya Pradesh,Sheopur,0.03125,4.173488444551723,1.0,0.03125,0.0,NO ALERT,NO ALERT,20260326,12
Madhya Pradesh,Shivpuri,0.0,4.162196451040265,1.0,0.0,0.0,NO ALERT,NO ALERT,20260326,12
Madhya Pradesh,Sidhi,0.08203125,3.885827774703758,1.0,0.08203125,0.0,NO ALERT,NO ALERT,20260326,12
Madhya Pradesh,Tikamgarh,0.0,3.821677561139291,1.0,0.0,0.0,NO ALERT,NO ALERT,20260326,12
Madhya Pradesh,Ujjain,0.0,2.717961462466101,1.0,0.0,0.0,NO ALERT,NO ALERT,20260326,12
Madhya Pradesh,Umaria,0.0,3.640450043979709,1.0,0.0,0.0,NO ALERT,NO ALERT,20260326,12
Madhya Pradesh,Vidisha,0.0,3.529727347542162,1.0,0.0,0.0,NO ALERT,NO ALERT,20260326,12
Madhya Pradesh,West Nimar,0.0,2.452248483612521,1.0,0.0,0.0,NO ALERT,NO ALERT,20260326,12
Maharashtra,Ahmednagar,0.0,2.4622851239443215,1.0,0.0,0.0,NO ALERT,NO ALERT,20260326,12
Maharashtra,Akola,0.0,2.5808879557129454,1.0,0.0,0.0,NO ALERT,NO ALERT,20260326,12
Maharashtra,Amravati,0.0,2.6923492406609735,1.0,0.0,0.0,NO ALERT,NO ALERT,20260326,12
Maharashtra,Aurangabad,0.0,2.4428972416857606,1.0,0.0,0.0,NO ALERT,NO ALERT,20260326,12
Maharashtra,Bhandara,0.0,3.383897095228031,1.0,0.0,0.0,NO ALERT,NO ALERT,20260326,12
Maharashtra,Bid,0.0,2.9112995022290376,1.0,0.0,0.0,NO ALERT,NO ALERT,20260326,12
Maharashtra,Buldana,0.0,2.713590246316505,1.0,0.0,0.0,NO ALERT,NO ALERT,20260326,12
Maharashtra,Chandrapur,0.0,4.515371478249824,1.0,0.0,0.0,NO ALERT,NO ALERT,20260326,12
Maharashtra,Dhule,0.0,2.5516881897342443,1.0,0.0,0.0,NO ALERT,NO ALERT,20260326,12
Maharashtra,Garhchiroli,0.015625,4.928296076328787,1.0,0.015625,0.0,NO ALERT,NO ALERT,20260326,12
Maharashtra,Gondiya,0.0,4.20488933290878,1.0,0.0,0.0,NO ALERT,NO ALERT,20260326,12
Maharashtra,Greater Bombay,0.0,5.809805716063878,1.0,0.0,0.0,NO ALERT,NO ALERT,20260326,12
Maharashtra,Hingoli,0.0,2.4958754725788284,1.0,0.0,0.0,NO ALERT,NO ALERT,20260326,12
Maharashtra,Jalgaon,0.0,2.218459469364386,1.0,0.0,0.0,NO ALERT,NO ALERT,20260326,12
Maharashtra,Jalna,0.0,2.4445639230474216,1.0,0.0,0.0,NO ALERT,NO ALERT,20260326,12
Maharashtra,Kolhapur,0.0625,4.567391258514454,1.0,0.0625,0.0,NO ALERT,NO ALERT,20260326,12
Maharashtra,Latur,0.0,3.8130037227948868,1.0,0.0,0.0,NO ALERT,NO ALERT,20260326,12
Maharashtra,Nagpur,0.0,3.4959625921456237,1.0,0.0,0.0,NO ALERT,NO ALERT,20260326,12
Maharashtra,Nanded,0.0,3.9300031745284114,1.0,0.0,0.0,NO ALERT,NO ALERT,20260326,12
Maharashtra,Nandurbar,0.0,2.698678259910203,1.0,0.0,0.0,NO ALERT,NO ALERT,20260326,12
Maharashtra,Nashik,0.0,3.259374467192518,1.0,0.0,0.0,NO ALERT,NO ALERT,20260326,12
Maharashtra,Osmanabad,0.011363636702299118,3.519422790742158,1.0,0.011363636702299118,0.0,NO ALERT,NO ALERT,20260326,12
Maharashtra,Parbhani,0.0,3.2230870524844897,1.0,0.0,0.0,NO ALERT,NO ALERT,20260326,12
Maharashtra,Pune,0.0,2.837849626928117,1.0,0.0,0.0,NO ALERT,NO ALERT,20260326,12
Maharashtra,Raigarh,0.0,11.745564132497917,1.0,0.0,0.0,NO ALERT,NO ALERT,20260326,12
Maharashtra,Ratnagiri,0.10227272659540176,11.590113290838183,3.0,0.3068181797862053,0.0,NO ALERT,NO ALERT,20260326,12
Maharashtra,Sangli,0.28977271914482117,2.2771947395719896,3.0,0.8693181574344635,0.0,NO ALERT,NO ALERT,20260326,12
Maharashtra,Satara,0.03125,1.9291288701217775,1.0,0.03125,0.0,NO ALERT,NO ALERT,20260326,12
Maharashtra,Sindhudurg,0.0486111119389534,12.04361321639434,1.0,0.0486111119389534,0.0,NO ALERT,NO ALERT,20260326,12
Maharashtra,Solapur,0.057065216824412346,2.202511887523019,1.0,0.057065216824412346,0.0,NO ALERT,NO ALERT,20260326,12
Maharashtra,Thane,0.0,9.761147001620433,1.0,0.0,0.0,NO ALERT,NO ALERT,20260326,12
Maharashtra,Wardha,0.0,3.399507241102697,1.0,0.0,0.0,NO ALERT,NO ALERT,20260326,12
Maharashtra,Washim,0.0,3.0900792380718336,1.0,0.0,0.0,NO ALERT,NO ALERT,20260326,12
Maharashtra,Yavatmal,0.0,3.476132026412716,1.0,0.0,0.0,NO ALERT,NO ALERT,20260326,12
Manipur,Bishnupur,0.0,3.4549066149208643,1.0,0.0,0.0,NO ALERT,NO ALERT,20260326,12
Manipur,Chandel,0.0,3.550716427927964,1.0,0.0,0.0,NO ALERT,NO ALERT,20260326,12
Manipur,Churachandpur,0.0,3.2887236710450694,1.0,0.0,0.0,NO ALERT,NO ALERT,20260326,12
Manipur,East Imphal,0.0,3.9447401695463755,1.0,0.0,0.0,NO ALERT,NO ALERT,20260326,12
Manipur,Senapati,0.0,4.207041274762317,1.0,0.0,0.0,NO ALERT,NO ALERT,20260326,12
Manipur,Tamenglong,0.0,4.0117331283413655,1.0,0.0,0.0,NO ALERT,NO ALERT,20260326,12
Manipur,Thoubal,0.0,3.5982930655144667,1.0,0.0,0.0,NO ALERT,NO ALERT,20260326,12
Manipur,Ukhrul,0.0,4.23019389530227,1.0,0.0,0.0,NO ALERT,NO ALERT,20260326,12
Manipur,West Imphal,0.0,0.0,1.0,0.0,0.0,NO ALERT,NO ALERT,20260326,12
Meghalaya,East Garo Hills,0.0,6.522400891444046,1.0,0.0,0.0,NO ALERT,NO ALERT,20260326,12
Meghalaya,East Khasi Hills,0.171875,9.036706911027432,3.0,0.515625,0.0,NO ALERT,NO ALERT,20260326,12
Meghalaya,Jaintia Hills,0.07291666697710752,4.654131050261596,1.0,0.07291666697710752,0.0,NO ALERT,NO ALERT,20260326,12
Meghalaya,Ri-Bhoi,0.0,3.762665753964692,1.0,0.0,0.0,NO ALERT,NO ALERT,20260326,12
Meghalaya,South Garo Hills,0.0,11.48625354972332,1.0,0.0,0.0,NO ALERT,NO ALERT,20260326,12
Meghalaya,West Garo Hills,0.0,8.906138339169221,1.0,0.0,0.0,NO ALERT,NO ALERT,20260326,12
Meghalaya,West Khasi Hills,0.0703125,11.724642573771616,1.0,0.0703125,0.0,NO ALERT,NO ALERT,20260326,12
Mizoram,Aizawl,0.0,5.47242582513181,1.0,0.0,0.0,NO ALERT,NO ALERT,20260326,12
Mizoram,Champhai,0.0,4.216533580116213,1.0,0.0,0.0,NO ALERT,NO ALERT,20260326,12
Mizoram,Kolasib,0.0,6.8958262189712425,1.0,0.0,0.0,NO ALERT,NO ALERT,20260326,12
Mizoram,Lawngtlai,0.0,7.065783722627245,1.0,0.0,0.0,NO ALERT,NO ALERT,20260326,12
Mizoram,Lunglei,0.0,6.794032235276889,1.0,0.0,0.0,NO ALERT,NO ALERT,20260326,12
Mizoram,Mamit,0.0,6.510763561269736,1.0,0.0,0.0,NO ALERT,NO ALERT,20260326,12
Mizoram,Saiha,0.0,7.0117459620004645,1.0,0.0,0.0,NO ALERT,NO ALERT,20260326,12
Mizoram,Serchhip,0.0,6.423519842530767,1.0,0.0,0.0,NO ALERT,NO ALERT,20260326,12
Nagaland,Dimapur,0.0,4.869201882714278,1.0,0.0,0.0,NO ALERT,NO ALERT,20260326,12
Nagaland,Kohima,0.0,4.805533740393919,1.0,0.0,0.0,NO ALERT,NO ALERT,20260326,12
Nagaland,Mokokchung,0.25,5.59174642040305,3.0,0.75,0.0,NO ALERT,NO ALERT,20260326,12
Nagaland,Mon,3.34375,5.343463035091146,1.5980450198403426,5.343463035091146,0.0,NO ALERT,NO ALERT,20260326,12
Nagaland,Phek,0.0,5.022139972210202,1.0,0.0,0.0,NO ALERT,NO ALERT,20260326,12
Nagaland,Tuensang,0.660714297555387,5.490893061231611,3.0,1.982142892666161,0.0,NO ALERT,NO ALERT,20260326,12
Nagaland,Wokha,0.0,5.90203065076103,1.0,0.0,0.0,NO ALERT,NO ALERT,20260326,12
Nagaland,Zunheboto,0.0625,5.744828931232021,1.0,0.0625,0.0,NO ALERT,NO ALERT,20260326,12
Orissa,Angul,0.0,4.19130342960403,1.0,0.0,0.0,NO ALERT,NO ALERT,20260326,12
Orissa,Baleshwar,0.02500000037252903,4.5542153585283724,1.0,0.02500000037252903,0.0,NO ALERT,NO ALERT,20260326,12
Orissa,Baragarh,0.1953125,3.768559723148403,3.0,0.5859375,0.0,NO ALERT,NO ALERT,20260326,12
Orissa,Bhadrak,0.03125,3.948181113947744,1.0,0.03125,0.0,NO ALERT,NO ALERT,20260326,12
Orissa,Bolangir,0.0555555559694767,3.41241129127358,1.0,0.0555555559694767,0.0,NO ALERT,NO ALERT,20260326,12
Orissa,Boudh,0.0,3.2352757237239245,1.0,0.0,0.0,NO ALERT,NO ALERT,20260326,12
Orissa,Cuttack,0.0,3.9884514260781954,1.0,0.0,0.0,NO ALERT,NO ALERT,20260326,12
Orissa,Deogarh,0.0,4.559815881785736,1.0,0.0,0.0,NO ALERT,NO ALERT,20260326,12
Orissa,Dhenkanal,0.0,4.285560260260622,1.0,0.0,0.0,NO ALERT,NO ALERT,20260326,12
Orissa,Gajapati,0.078125,3.8073797876857323,1.0,0.078125,0.0,NO ALERT,NO ALERT,20260326,12
Orissa,Ganjam,0.0052083334885537624,3.685422296483563,1.0,0.0052083334885537624,0.0,NO ALERT,NO ALERT,20260326,12
Orissa,Jagatsinghpur,0.0,3.5297197348961276,1.0,0.0,0.0,NO ALERT,NO ALERT,20260326,12
Orissa,Jajpur,0.0,4.709031954223979,1.0,0.0,0.0,NO ALERT,NO ALERT,20260326,12
Orissa,Jharsuguda,0.0,4.218104606795393,1.0,0.0,0.0,NO ALERT,NO ALERT,20260326,12
Orissa,Kalahandi,0.0,3.8835408444830666,1.0,0.0,0.0,NO ALERT,NO ALERT,20260326,12
Orissa,Kandhamal,0.0,4.150916385732285,1.0,0.0,0.0,NO ALERT,NO ALERT,20260326,12
Orissa,Kendrapara,0.0,4.380998551651631,1.0,0.0,0.0,NO ALERT,NO ALERT,20260326,12
Orissa,Keonjhar,0.0052083334885537624,5.199206198362387,1.0,0.0052083334885537624,0.0,NO ALERT,NO ALERT,20260326,12
Orissa,Khordha,0.0,3.6986495768778944,1.0,0.0,0.0,NO ALERT,NO ALERT,20260326,12
Orissa,Koraput,0.05113636329770088,4.866940440552989,1.0,0.05113636329770088,0.0,NO ALERT,NO ALERT,20260326,12
Orissa,Malkangiri,0.0234375,4.866759299338884,1.0,0.0234375,0.0,NO ALERT,NO ALERT,20260326,12
Orissa,Mayurbhanj,0.018382353708148003,5.344965540421383,1.0,0.018382353708148003,0.0,NO ALERT,NO ALERT,20260326,12
Orissa,Nabarangpur,0.125,4.306568187715052,3.0,0.375,0.0,NO ALERT,NO ALERT,20260326,12
Orissa,Nayagarh,0.0,4.029020011146047,1.0,0.0,0.0,NO ALERT,NO ALERT,20260326,12
Orissa,Nuapada,0.484375,3.364903092782383,3.0,1.453125,0.0,NO ALERT,NO ALERT,20260326,12
Orissa,Puri,0.0,3.2271911927526946,1.0,0.0,0.0,NO ALERT,NO ALERT,20260326,12
Orissa,Rayagada,0.0062500000931322575,3.7963787301844114,1.0,0.0062500000931322575,0.0,NO ALERT,NO ALERT,20260326,12
Orissa,Sambalpur,0.0,4.381324774717186,1.0,0.0,0.0,NO ALERT,NO ALERT,20260326,12
Orissa,Sonepur,0.0,3.712269631875296,1.0,0.0,0.0,NO ALERT,NO ALERT,20260326,12
Orissa,Sundargarh,0.0,5.1898039106683935,1.0,0.0,0.0,NO ALERT,NO ALERT,20260326,12
Puducherry,Karaikal,0.0,0.0,1.0,0.0,0.0,NO ALERT,NO ALERT,20260326,12
Puducherry,Mahe,0.0,0.0,1.0,0.0,0.0,NO ALERT,NO ALERT,20260326,12
Puducherry,Puducherry,0.0,0.0,1.0,0.0,0.0,NO ALERT,NO ALERT,20260326,12
Puducherry,Yanam,0.0,0.0,1.0,0.0,0.0,NO ALERT,NO ALERT,20260326,12
Punjab,Amritsar,0.0,2.441174421889558,1.0,0.0,0.0,NO ALERT,NO ALERT,20260326,12
Punjab,Bathinda,0.02678571455180645,1.3657935939452186,1.0,0.02678571455180645,0.0,NO ALERT,NO ALERT,20260326,12
Punjab,Faridkot,0.0,1.4382046507509876,1.0,0.0,0.0,NO ALERT,NO ALERT,20260326,12
Punjab,Fatehgarh Sahib,0.0,1.2391712528181402,1.0,0.0,0.0,NO ALERT,NO ALERT,20260326,12
Punjab,Firozpur,0.0,1.35712053941129,1.0,0.0,0.0,NO ALERT,NO ALERT,20260326,12
Punjab,Gurdaspur,0.0,3.380333759281869,1.0,0.0,0.0,NO ALERT,NO ALERT,20260326,12
Punjab,Hoshiarpur,0.0,4.17049043620286,1.0,0.0,0.0,NO ALERT,NO ALERT,20260326,12
Punjab,Jalandhar,0.0,2.067796830894196,1.0,0.0,0.0,NO ALERT,NO ALERT,20260326,12
Punjab,Kapurthala,0.0,2.597376575426424,1.0,0.0,0.0,NO ALERT,NO ALERT,20260326,12
Punjab,Ludhiana,0.012500000186264515,2.419605985398162,1.0,0.012500000186264515,0.0,NO ALERT,NO ALERT,20260326,12
Punjab,Mansa,0.25,1.470220573542461,3.0,0.75,0.0,NO ALERT,NO ALERT,20260326,12
Punjab,Moga,0.0,2.407558174502768,1.0,0.0,0.0,NO ALERT,NO ALERT,20260326,12
Punjab,Muktsar,0.02083333395421505,1.2544456933459192,1.0,0.02083333395421505,0.0,NO ALERT,NO ALERT,20260326,12
Punjab,Nawan Shehar,0.015625,3.1005653173241714,1.0,0.015625,0.0,NO ALERT,NO ALERT,20260326,12
Punjab,Patiala,0.0625,2.0329765472680195,1.0,0.0625,0.0,NO ALERT,NO ALERT,20260326,12
Punjab,Rupnagar,0.0,4.956479844573426,1.0,0.0,0.0,NO ALERT,NO ALERT,20260326,12
Punjab,Sangrur,0.0390625,1.9343265554446676,1.0,0.0390625,0.0,NO ALERT,NO ALERT,20260326,12
Rajasthan,Ajmer,0.0,2.7336556054644934,1.0,0.0,0.0,NO ALERT,NO ALERT,20260326,12
Rajasthan,Alwar,0.6339285839349031,2.3151453828625015,3.0,1.9017857518047094,0.0,NO ALERT,NO ALERT,20260326,12
Rajasthan,Banswara,0.0,3.5899876055972917,1.0,0.0,0.0,NO ALERT,NO ALERT,20260326,12
Rajasthan,Baran,0.0,4.954841140453538,1.0,0.0,0.0,NO ALERT,NO ALERT,20260326,12
Rajasthan,Barmer,0.10000000149011612,1.242342130877588,3.0,0.30000000447034836,0.0,NO ALERT,NO ALERT,20260326,12
Rajasthan,Bharatpur,0.6875,2.056560145747172,2.9913602119958864,2.056560145747172,0.0,NO ALERT,NO ALERT,20260326,12
Rajasthan,Bhilwara,0.0,3.2267639288142935,1.0,0.0,0.0,NO ALERT,NO ALERT,20260326,12
Rajasthan,Bikaner,0.008012820733711123,1.1351483421023996,1.0,0.008012820733711123,0.0,NO ALERT,NO ALERT,20260326,12
Rajasthan,Bundi,0.0,4.23512353416525,1.0,0.0,0.0,NO ALERT,NO ALERT,20260326,12
Rajasthan,Chittaurgarh,0.0,3.3916140502796246,1.0,0.0,0.0,NO ALERT,NO ALERT,20260326,12
Rajasthan,Churu,0.060096155386418104,1.8597666173780807,1.0,0.060096155386418104,0.0,NO ALERT,NO ALERT,20260326,12
Rajasthan,Dausa,0.0,3.4783827178180218,1.0,0.0,0.0,NO ALERT,NO ALERT,20260326,12
Rajasthan,Dhaulpur,0.0875000013038516,3.498159956189051,1.0,0.0875000013038516,0.0,NO ALERT,NO ALERT,20260326,12
Rajasthan,Dungarpur,0.0,2.619388524738893,1.0,0.0,0.0,NO ALERT,NO ALERT,20260326,12
Rajasthan,Ganganagar,0.1171875,1.4653496586858001,3.0,0.3515625,0.0,NO ALERT,NO ALERT,20260326,12
Rajasthan,Hanumangarh,0.3392857275903225,1.6627663740002478,3.0,1.0178571827709675,0.0,NO ALERT,NO ALERT,20260326,12
Rajasthan,Jaipur,0.01666666753590107,3.0101778054713657,1.0,0.01666666753590107,0.0,NO ALERT,NO ALERT,20260326,12
Rajasthan,Jaisalmer,0.0,0.7355730258620542,1.0,0.0,0.0,NO ALERT,NO ALERT,20260326,12
Rajasthan,Jalor,0.078125,2.2006968186071068,1.0,0.078125,0.0,NO ALERT,NO ALERT,20260326,12
Rajasthan,Jhalawar,0.0,3.7943009115653497,1.0,0.0,0.0,NO ALERT,NO ALERT,20260326,12
Rajasthan,Jhunjhunun,0.2890625,2.284567666604911,3.0,0.8671875,0.0,NO ALERT,NO ALERT,20260326,12
Rajasthan,Jodhpur,0.0036764706019312143,1.401765636761735,1.0,0.0036764706019312143,0.0,NO ALERT,NO ALERT,20260326,12
Rajasthan,Karauli,0.01785714365541935,3.184970587179969,1.0,0.01785714365541935,0.0,NO ALERT,NO ALERT,20260326,12
Rajasthan,Kota,0.0,4.502993411413611,1.0,0.0,0.0,NO ALERT,NO ALERT,20260326,12
Rajasthan,Nagaur,0.012019230984151363,2.2823153966305694,1.0,0.012019230984151363,0.0,NO ALERT,NO ALERT,20260326,12
Rajasthan,Pali,0.0,2.6071859379769524,1.0,0.0,0.0,NO ALERT,NO ALERT,20260326,12
Rajasthan,Rajsamand,0.0,2.5847386136067825,1.0,0.0,0.0,NO ALERT,NO ALERT,20260326,12
Rajasthan,Sawai Madhopur,0.01785714365541935,3.8705680429906293,1.0,0.01785714365541935,0.0,NO ALERT,NO ALERT,20260326,12
Rajasthan,Sikar,0.11979166930541396,2.6872907784108295,3.0,0.3593750079162419,0.0,NO ALERT,NO ALERT,20260326,12
Rajasthan,Sirohi,0.0,2.9204422337168903,1.0,0.0,0.0,NO ALERT,NO ALERT,20260326,12
Rajasthan,Tonk,0.0,3.7473812462101423,1.0,0.0,0.0,NO ALERT,NO ALERT,20260326,12
Rajasthan,Udaipur,0.0,3.0253603546110464,1.0,0.0,0.0,NO ALERT,NO ALERT,20260326,12
Sikkim,East,5.8125,9.69128929034692,1.6673185875865668,9.69128929034692,0.0,NO ALERT,NO ALERT,20260326,12
Sikkim,North Sikkim,4.401785813271999,6.037081875845994,1.3715074135691356,6.037081875845994,0.0,NO ALERT,NO ALERT,20260326,12
Sikkim,South Sikkim,0.0,0.0,1.0,0.0,0.0,NO ALERT,NO ALERT,20260326,12
Sikkim,West Sikkim,6.90625,7.98988926394345,1.156907042742943,7.989889263943451,0.0,NO ALERT,NO ALERT,20260326,12
Tamil Nadu,Ariyalur,0.0,3.659802990866034,1.0,0.0,0.0,NO ALERT,NO ALERT,20260326,12
Tamil Nadu,Chennai,0.0,,1.0,0.0,0.0,NO ALERT,NO ALERT,20260326,12
Tamil Nadu,Coimbatore,0.0,4.090036150372532,1.0,0.0,0.0,NO ALERT,NO ALERT,20260326,12
Tamil Nadu,Cuddalore,0.0,3.9033389946048507,1.0,0.0,0.0,NO ALERT,NO ALERT,20260326,12
Tamil Nadu,Dharmapuri,0.0,2.455200702982029,1.0,0.0,0.0,NO ALERT,NO ALERT,20260326,12
Tamil Nadu,Dindigul,0.0,1.8349758311417208,1.0,0.0,0.0,NO ALERT,NO ALERT,20260326,12
Tamil Nadu,Erode,0.0,1.9497887603156099,1.0,0.0,0.0,NO ALERT,NO ALERT,20260326,12
Tamil Nadu,Kancheepuram,0.0,2.8731720843462094,1.0,0.0,0.0,NO ALERT,NO ALERT,20260326,12
Tamil Nadu,Kanniyakumari,0.0,3.013150733947482,1.0,0.0,0.0,NO ALERT,NO ALERT,20260326,12
Tamil Nadu,Karur,0.0,1.5218158133430024,1.0,0.0,0.0,NO ALERT,NO ALERT,20260326,12
Tamil Nadu,Madurai,0.0,2.1056802509500554,1.0,0.0,0.0,NO ALERT,NO ALERT,20260326,12
Tamil Nadu,Nagapattinam,0.0,4.324495224328074,1.0,0.0,0.0,NO ALERT,NO ALERT,20260326,12
Tamil Nadu,Namakkal,0.0,2.4424978472700674,1.0,0.0,0.0,NO ALERT,NO ALERT,20260326,12
Tamil Nadu,Nilgiris,0.046875,5.910370358079672,1.0,0.046875,0.0,NO ALERT,NO ALERT,20260326,12
Tamil Nadu,Perambalur,0.0,2.768340721338579,1.0,0.0,0.0,NO ALERT,NO ALERT,20260326,12
Tamil Nadu,Pudukkottai,0.0,2.3341572321382755,1.0,0.0,0.0,NO ALERT,NO ALERT,20260326,12
Tamil Nadu,Ramanathapuram,0.0,2.3852359933926635,1.0,0.0,0.0,NO ALERT,NO ALERT,20260326,12
Tamil Nadu,Salem,0.0,2.2446677896491236,1.0,0.0,0.0,NO ALERT,NO ALERT,20260326,12
Tamil Nadu,Sivaganga,0.0,2.4673345588249704,1.0,0.0,0.0,NO ALERT,NO ALERT,20260326,12
Tamil Nadu,Thanjavur,0.0,3.6542452804274754,1.0,0.0,0.0,NO ALERT,NO ALERT,20260326,12
Tamil Nadu,Theni,0.0,1.9295558644024884,1.0,0.0,0.0,NO ALERT,NO ALERT,20260326,12
Tamil Nadu,Thiruvallur,0.0,4.509294468593107,1.0,0.0,0.0,NO ALERT,NO ALERT,20260326,12
Tamil Nadu,Thiruvarur,0.0,4.444866641845605,1.0,0.0,0.0,NO ALERT,NO ALERT,20260326,12
Tamil Nadu,Thoothukudi,0.0,2.1402322433106433,1.0,0.0,0.0,NO ALERT,NO ALERT,20260326,12
Tamil Nadu,Tiruchchirappalli,0.0,2.132352757800932,1.0,0.0,0.0,NO ALERT,NO ALERT,20260326,12
Tamil Nadu,Tirunelveli Kattabo,0.0,2.7769965120238256,1.0,0.0,0.0,NO ALERT,NO ALERT,20260326,12
Tamil Nadu,Tiruvannamalai,0.0,2.7591550475700872,1.0,0.0,0.0,NO ALERT,NO ALERT,20260326,12
Tamil Nadu,Vellore,0.0,3.39022078621832,1.0,0.0,0.0,NO ALERT,NO ALERT,20260326,12
Tamil Nadu,Villupuram,0.0,3.3012011375410917,1.0,0.0,0.0,NO ALERT,NO ALERT,20260326,12
Tamil Nadu,Virudhunagar,0.0,2.168242474712738,1.0,0.0,0.0,NO ALERT,NO ALERT,20260326,12
Tripura,Dhalai,0.0,6.845518502929847,1.0,0.0,0.0,NO ALERT,NO ALERT,20260326,12
Tripura,North Tripura,0.0,7.205864640590671,1.0,0.0,0.0,NO ALERT,NO ALERT,20260326,12
Tripura,South Tripura,0.0,6.08742993931758,1.0,0.0,0.0,NO ALERT,NO ALERT,20260326,12
Tripura,West Tripura,0.0,5.221665520428522,1.0,0.0,0.0,NO ALERT,NO ALERT,20260326,12
Uttar Pradesh,Agra,0.453125,2.1451549038597166,3.0,1.359375,0.0,NO ALERT,NO ALERT,20260326,12
Uttar Pradesh,Aligarh,0.9999999888241291,2.4379343248257355,2.437934352071775,2.4379343248257355,0.0,NO ALERT,NO ALERT,20260326,12
Uttar Pradesh,Allahabad,0.1607142835855484,1.6092296785337818,3.0,0.4821428507566452,0.0,NO ALERT,NO ALERT,20260326,12
Uttar Pradesh,Ambedkar Nagar,0.2916666567325592,1.727056721526466,3.0,0.8749999701976776,0.0,NO ALERT,NO ALERT,20260326,12
Uttar Pradesh,Auraiya,1.0416666641831398,1.8128535575926576,1.7403394194382438,1.8128535575926576,0.0,NO ALERT,NO ALERT,20260326,12
Uttar Pradesh,Azamgarh,0.10000000149011612,1.7340810516354155,3.0,0.30000000447034836,0.0,NO ALERT,NO ALERT,20260326,12
Uttar Pradesh,Badaun,1.0982142435386777,2.1036499996970313,1.9155187724743286,2.1036499996970313,0.0,NO ALERT,NO ALERT,20260326,12
Uttar Pradesh,Baghpat,0.15625,2.4538962265297974,3.0,0.46875,0.0,NO ALERT,NO ALERT,20260326,12
Uttar Pradesh,Bahraich,0.21874999534338713,2.4765815706353753,3.0,0.6562499860301614,0.0,NO ALERT,NO ALERT,20260326,12
Uttar Pradesh,Ballia,0.0,2.0186654431413706,1.0,0.0,0.0,NO ALERT,NO ALERT,20260326,12
Uttar Pradesh,Balrampur,0.0,2.493901007639491,1.0,0.0,0.0,NO ALERT,NO ALERT,20260326,12
Uttar Pradesh,Banda,0.8541666474193335,2.749637344717707,3.0,2.5624999422580004,0.0,NO ALERT,NO ALERT,20260326,12
Uttar Pradesh,Bara Banki,0.48958332370966673,2.4952984730334586,3.0,1.4687499711290002,0.0,NO ALERT,NO ALERT,20260326,12
Uttar Pradesh,Bareilly,0.06250000093132257,2.210039946028631,1.0,0.06250000093132257,0.0,NO ALERT,NO ALERT,20260326,12
Uttar Pradesh,Basti,0.2291666716337204,2.0843803600905693,3.0,0.6875000149011612,0.0,NO ALERT,NO ALERT,20260326,12
Uttar Pradesh,Bijnor,0.15000000596046448,3.567042720113715,3.0,0.45000001788139343,0.0,NO ALERT,NO ALERT,20260326,12
Uttar Pradesh,Bulandshahr,0.9124999884516001,2.407869590692324,2.6387612286748428,2.407869590692324,0.0,NO ALERT,NO ALERT,20260326,12
Uttar Pradesh,Chandauli,0.046875,2.3324938839480076,1.0,0.046875,0.0,NO ALERT,NO ALERT,20260326,12
Uttar Pradesh,Chitrakoot,0.20000000298023224,2.4318219135926196,3.0,0.6000000089406967,0.0,NO ALERT,NO ALERT,20260326,12
Uttar Pradesh,Deoria,0.0,2.5278729460827294,1.0,0.0,0.0,NO ALERT,NO ALERT,20260326,12
Uttar Pradesh,Etah,0.9921875,2.1969588892177154,2.2142577781091934,2.1969588892177154,0.0,NO ALERT,NO ALERT,20260326,12
Uttar Pradesh,Etawah,0.9375,1.2581166141551652,1.3419910550988428,1.2581166141551652,0.0,NO ALERT,NO ALERT,20260326,12
Uttar Pradesh,Faizabad,0.2916666567325592,2.0899612681642514,3.0,0.8749999701976776,0.0,NO ALERT,NO ALERT,20260326,12
Uttar Pradesh,Farrukhabad,0.625,1.5278439902279475,2.444550384364716,1.5278439902279475,0.0,NO ALERT,NO ALERT,20260326,12
Uttar Pradesh,Fatehpur,0.2767857080325484,1.1844348627527166,3.0,0.8303571240976453,0.0,NO ALERT,NO ALERT,20260326,12
Uttar Pradesh,Firozabad,0.40625,2.4440603689992266,3.0,1.21875,0.0,NO ALERT,NO ALERT,20260326,12
Uttar Pradesh,Gautam Buddha Nagar,1.0,1.473809727352776,1.473809727352776,1.473809727352776,0.0,NO ALERT,NO ALERT,20260326,12
Uttar Pradesh,Ghaziabad,0.958333333954215,1.4842551674336604,1.5487879997969178,1.4842551674336604,0.0,NO ALERT,NO ALERT,20260326,12
Uttar Pradesh,Ghazipur,0.012500000186264515,2.3404021254467637,1.0,0.012500000186264515,0.0,NO ALERT,NO ALERT,20260326,12
Uttar Pradesh,Gonda,0.15178572107106447,2.104109488357653,3.0,0.4553571632131934,0.0,NO ALERT,NO ALERT,20260326,12
Uttar Pradesh,Gorakhpur,0.0,1.7353172244529609,1.0,0.0,0.0,NO ALERT,NO ALERT,20260326,12
Uttar Pradesh,Hamirpur,0.4017857192084193,3.1435973940792614,3.0,1.205357157625258,0.0,NO ALERT,NO ALERT,20260326,12
Uttar Pradesh,Hardoi,0.7361111012287438,1.8978099367231176,2.5781569297830496,1.8978099367231176,0.0,NO ALERT,NO ALERT,20260326,12
Uttar Pradesh,Hathras,1.875,2.7596940833411803,1.4718368444486294,2.7596940833411803,0.0,NO ALERT,NO ALERT,20260326,12
Uttar Pradesh,Jalaun,0.2812500102445483,2.268806276490835,3.0,0.843750030733645,0.0,NO ALERT,NO ALERT,20260326,12
Uttar Pradesh,Jaunpur,0.234375,2.153585032429801,3.0,0.703125,0.0,NO ALERT,NO ALERT,20260326,12
Uttar Pradesh,Jhansi,0.298611119389534,2.4427702791455856,3.0,0.895833358168602,0.0,NO ALERT,NO ALERT,20260326,12
Uttar Pradesh,Jyotiba Phule Nagar,0.59375,2.63571777639732,3.0,1.78125,0.0,NO ALERT,NO ALERT,20260326,12
Uttar Pradesh,Kannauj,0.8125,2.391906538789403,2.943884970817727,2.391906538789403,0.0,NO ALERT,NO ALERT,20260326,12
Uttar Pradesh,Kanpur,0.46875,2.4941955275731544,3.0,1.40625,0.0,NO ALERT,NO ALERT,20260326,12
Uttar Pradesh,Kanpur Dehat,0.75,1.6773941029424537,2.2365254705899384,1.6773941029424537,0.0,NO ALERT,NO ALERT,20260326,12
Uttar Pradesh,Kaushambi,0.15625,2.2787224277751905,3.0,0.46875,0.0,NO ALERT,NO ALERT,20260326,12
Uttar Pradesh,Kushinagar,0.0,1.6305962536637097,1.0,0.0,0.0,NO ALERT,NO ALERT,20260326,12
Uttar Pradesh,Lakhimpur Kheri,0.0965909082442522,2.7376119509524903,1.0,0.0965909082442522,0.0,NO ALERT,NO ALERT,20260326,12
Uttar Pradesh,Lalitpur,0.0,3.630254178575865,1.0,0.0,0.0,NO ALERT,NO ALERT,20260326,12
Uttar Pradesh,Lucknow,0.90625,2.39171850583835,2.639137661614731,2.39171850583835,0.0,NO ALERT,NO ALERT,20260326,12
Uttar Pradesh,Maharajganj,0.0,2.5123900626484117,1.0,0.0,0.0,NO ALERT,NO ALERT,20260326,12
Uttar Pradesh,Mahoba,0.2708333395421505,2.7896357897958253,3.0,0.8125000186264515,0.0,NO ALERT,NO ALERT,20260326,12
Uttar Pradesh,Mainpuri,0.5999999884516001,1.8755698781838155,3.0,1.7999999653548002,0.0,NO ALERT,NO ALERT,20260326,12
Uttar Pradesh,Mathura,1.5624999711290002,2.0172317462873783,1.2910283414788206,2.0172317462873783,0.0,NO ALERT,NO ALERT,20260326,12
Uttar Pradesh,Mau,0.012500000186264515,1.6725122386176292,1.0,0.012500000186264515,0.0,NO ALERT,NO ALERT,20260326,12
Uttar Pradesh,Meerut,0.515625,3.103891780023297,3.0,1.546875,0.0,NO ALERT,NO ALERT,20260326,12
Uttar Pradesh,Mirzapur,0.03125,2.7898449326112664,1.0,0.03125,0.0,NO ALERT,NO ALERT,20260326,12
Uttar Pradesh,Moradabad,0.2604166716337204,2.3318260964669593,3.0,0.7812500149011612,0.0,NO ALERT,NO ALERT,20260326,12
Uttar Pradesh,Muzaffarnagar,0.0625,2.708616688578096,1.0,0.0625,0.0,NO ALERT,NO ALERT,20260326,12
Uttar Pradesh,Pilibhit,0.0,2.731267677131853,1.0,0.0,0.0,NO ALERT,NO ALERT,20260326,12
Uttar Pradesh,Pratapgarh,0.5520833358168602,2.1263100779287893,3.0,1.6562500074505806,0.0,NO ALERT,NO ALERT,20260326,12
Uttar Pradesh,Rae Bareli,0.25,1.8360440669683358,3.0,0.75,0.0,NO ALERT,NO ALERT,20260326,12
Uttar Pradesh,Rampur,0.03125,2.5324403305014926,1.0,0.03125,0.0,NO ALERT,NO ALERT,20260326,12
Uttar Pradesh,Saharanpur,0.0,3.621623312390014,1.0,0.0,0.0,NO ALERT,NO ALERT,20260326,12
Uttar Pradesh,Sant Kabir Nagar,0.09375,2.7528431865552516,1.0,0.09375,0.0,NO ALERT,NO ALERT,20260326,12
Uttar Pradesh,Sant Ravi Das Nagar,0.0,3.586898569660644,1.0,0.0,0.0,NO ALERT,NO ALERT,20260326,12
Uttar Pradesh,Shahjahanpur,0.203125,2.0715144882667555,3.0,0.609375,0.0,NO ALERT,NO ALERT,20260326,12
Uttar Pradesh,Shravasti,0.015625,2.5445999243692174,1.0,0.015625,0.0,NO ALERT,NO ALERT,20260326,12
Uttar Pradesh,Siddharth Nagar,0.03125,2.16604230367838,1.0,0.03125,0.0,NO ALERT,NO ALERT,20260326,12
Uttar Pradesh,Sitapur,0.48611112544313073,1.9594179631935225,3.0,1.4583333763293922,0.0,NO ALERT,NO ALERT,20260326,12
Uttar Pradesh,Sonbhadra,0.1953125,3.477101046834396,3.0,0.5859375,0.0,NO ALERT,NO ALERT,20260326,12
Uttar Pradesh,Sultanpur,0.13541666604578495,1.7160183771594202,3.0,0.40624999813735485,0.0,NO ALERT,NO ALERT,20260326,12
Uttar Pradesh,Unnao,0.6874999925494194,1.5974721783848658,2.323595921013825,1.597472178384866,0.0,NO ALERT,NO ALERT,20260326,12
Uttar Pradesh,Varanasi,0.046875,2.499586754440241,1.0,0.046875,0.0,NO ALERT,NO ALERT,20260326,12
Uttaranchal,Almora,0.09375,3.253347052812372,1.0,0.09375,0.0,NO ALERT,NO ALERT,20260326,12
Uttaranchal,Bageshwar,3.8375000059604645,6.916047340905013,1.8022273173062935,6.916047340905013,0.0,NO ALERT,NO ALERT,20260326,12
Uttaranchal,Chamoli,4.24999987706542,5.7034417473817385,1.3419863323195915,5.7034417473817385,0.0,NO ALERT,NO ALERT,20260326,12
Uttaranchal,Champawat,0.3125,4.253993164227434,3.0,0.9375,0.0,NO ALERT,NO ALERT,20260326,12
Uttaranchal,Dehra Dun,0.0625,5.423757336390754,1.0,0.0625,0.0,NO ALERT,NO ALERT,20260326,12
Uttaranchal,Haridwar,0.03125,4.763298522680998,1.0,0.03125,0.0,NO ALERT,NO ALERT,20260326,12
Uttaranchal,Naini Tal,0.010416666977107525,4.5430638384431195,1.0,0.010416666977107525,0.0,NO ALERT,NO ALERT,20260326,12
Uttaranchal,Pauri Garhwal,0.0486111119389534,2.986266252067354,1.0,0.0486111119389534,0.0,NO ALERT,NO ALERT,20260326,12
Uttaranchal,Pithoragarh,3.596590841189027,7.13902578882938,1.9849424368965,7.13902578882938,0.0,NO ALERT,NO ALERT,20260326,12
Uttaranchal,Rudra Prayag,6.8125,5.555120170626738,0.815430483761723,5.555120170626738,0.0,NO ALERT,NO ALERT,20260326,12
Uttaranchal,Tehri Garhwal,0.11458333674818277,4.581167342687307,3.0,0.3437500102445483,0.0,NO ALERT,NO ALERT,20260326,12
Uttaranchal,Udham Singh Nagar,0.010416666977107525,4.91459231401143,1.0,0.010416666977107525,0.0,NO ALERT,NO ALERT,20260326,12
Uttaranchal,Uttarkashi,7.791666669305414,4.272311892535656,0.5483181036691487,4.272311892535656,0.0,NO ALERT,NO ALERT,20260326,12
West Bengal,Bankura,0.0,4.883873859261294,1.0,0.0,0.0,NO ALERT,NO ALERT,20260326,12
West Bengal,Barddhaman,0.0,3.7759995385150833,1.0,0.0,0.0,NO ALERT,NO ALERT,20260326,12
West Bengal,Birbhum,0.0,4.032918682809256,1.0,0.0,0.0,NO ALERT,NO ALERT,20260326,12
West Bengal,Dakshin Dinajpur,0.0,4.5067718911116526,1.0,0.0,0.0,NO ALERT,NO ALERT,20260326,12
West Bengal,Darjiling,1.3875000197440386,9.39820148940364,3.0,4.162500059232116,0.0,NO ALERT,NO ALERT,20260326,12
West Bengal,East Midnapore,0.1041666641831398,4.958878487756808,3.0,0.3124999925494194,0.0,NO ALERT,NO ALERT,20260326,12
West Bengal,Haora,0.0,5.499798150523885,1.0,0.0,0.0,NO ALERT,NO ALERT,20260326,12
West Bengal,Hugli,0.0,4.900223951250927,1.0,0.0,0.0,NO ALERT,NO ALERT,20260326,12
West Bengal,Jalpaiguri,0.04861111240461469,9.486329433095147,1.0,0.04861111240461469,0.0,NO ALERT,NO ALERT,20260326,12
West Bengal,Kochbihar,0.0,8.557048504983317,1.0,0.0,0.0,NO ALERT,NO ALERT,20260326,12
West Bengal,Kolkata,0.0,0.0,1.0,0.0,0.0,NO ALERT,NO ALERT,20260326,12
West Bengal,Maldah,0.0,4.104596852439723,1.0,0.0,0.0,NO ALERT,NO ALERT,20260326,12
West Bengal,Murshidabad,0.0,3.5627578462741964,1.0,0.0,0.0,NO ALERT,NO ALERT,20260326,12
West Bengal,Nadia,0.0,3.5820382208407744,1.0,0.0,0.0,NO ALERT,NO ALERT,20260326,12
West Bengal,North 24 Parganas,0.0,5.458729233679502,1.0,0.0,0.0,NO ALERT,NO ALERT,20260326,12
West Bengal,Puruliya,0.0,4.645803449099921,1.0,0.0,0.0,NO ALERT,NO ALERT,20260326,12
West Bengal,South 24 Parganas,0.0234375,5.308370489129567,1.0,0.0234375,0.0,NO ALERT,NO ALERT,20260326,12
West Bengal,Uttar Dinajpur,0.0,4.885033600473241,1.0,0.0,0.0,NO ALERT,NO ALERT,20260326,12
West Bengal,West Midnapore,0.012500000186264515,4.399197844375078,1.0,0.012500000186264515,0.0,NO ALERT,NO ALERT,20260326,12
