unit_type,unit_id,unit_name,basin,sub_basin,area_sqkm,rain_gfs_mm,imd_mean_mm,bias_factor,rain_gfs_bc_mm,rain_icon_mm,alert_gfs_bc,alert_icon,date,cycle_utc
subbasin,ARA,Above Ramganga Confluence,Ganga Basin,Above Ramganga Confluence,39104.6123558,0.6023706896551725,4.128411058717648,3.0,1.8071120689655173,0.0,NO ALERT,NO ALERT,20260930,06
subbasin,BAI,Baitarni,Brahmani and Baitarni Basin,Baitarni,14351.232989600001,0.45238095238095233,5.073392019162789,3.0,1.357142857142857,0.0,NO ALERT,NO ALERT,20260930,06
subbasin,BAM,Barmer,Indus (Up to border) Basin,Barmer,21658.9369285,0.0,0.6011549423281188,1.0,0.0,0.0,NO ALERT,NO ALERT,20260930,06
subbasin,BAN,Banas,Ganga Basin,Banas,51651.5088239,0.0,3.163486990432786,1.0,0.0,0.0,NO ALERT,NO ALERT,20260930,06
subbasin,BAR,Barak,Barak and others Basin,Barak,27658.980335700002,12.148809523809524,5.384448400174802,0.4432079035910665,5.384448400174802,0.0,NO ALERT,NO ALERT,20260930,06
subbasin,BEA,Beas,Indus (Up to border) Basin,Beas,19002.474906599997,0.44556451612903225,4.607842425587848,3.0,1.3366935483870968,0.0,NO ALERT,NO ALERT,20260930,06
subbasin,BHA,Bhadar and other west flowing rivers,West flowing rivers of Kutch and Saurashtra including Luni Basin,Bhadar and other west flowing rivers,18489.7027305,0.3900862068965517,3.048390897854381,3.0,1.1702586206896552,0.0,NO ALERT,NO ALERT,20260930,06
subbasin,BHG,Bhagirathi and others (Ganga Lower),Ganga Basin,Bhagirathi and others (Ganga Lower),64038.9710863,0.14908854166666669,4.369842254925779,3.0,0.44726562500000006,0.0,NO ALERT,NO ALERT,20260930,06
subbasin,BHL,Bhima Lower,Krishna Basin,Bhima Lower,23652.6979435,0.023897058823529414,3.189625434215442,1.0,0.023897058823529414,0.0,NO ALERT,NO ALERT,20260930,06
subbasin,BHT,Bhatsol and others,West flowing rivers South of Tapi Basin,Bhatsol and others,29332.606177,1.2648809523809523,9.226196555270334,3.0,3.7946428571428568,0.0,NO ALERT,NO ALERT,20260930,06
subbasin,BHU,Bhima Upper,Krishna Basin,Bhima Upper,44793.3226794,1.3125,2.4692941352129383,1.8813669601622387,2.4692941352129383,0.0,NO ALERT,NO ALERT,20260930,06
subbasin,BRA,Brahmani,Brahmani and Baitarni Basin,Brahmani,37545.8337422,0.11206896551724138,4.759374744157903,3.0,0.33620689655172414,0.0,NO ALERT,NO ALERT,20260930,06
subbasin,BRL,Brahmaputra Lower,Brahmaputra Basin,Brahmaputra Lower,87392.2235093,3.5822368421052633,5.406118424555701,1.509146006487542,5.406118424555701,0.0,NO ALERT,NO ALERT,20260930,06
subbasin,BRU,Brahmaputra Upper,Brahmaputra Basin,Brahmaputra Upper,98972.86923639999,7.216473509933775,5.308245806743697,0.7355733793571995,5.308245806743697,0.0,NO ALERT,NO ALERT,20260930,06
subbasin,CAL,Cauvery Lower,Cauvery Basin,Cauvery Lower,17386.448641799998,6.693181818181818,3.2297957660883183,0.48255013143594566,3.2297957660883183,0.0,NO ALERT,NO ALERT,20260930,06
subbasin,CAM,Cauvery Middle,Cauvery Basin,Cauvery Middle,57280.980105099996,7.933333333333334,2.442712277997302,0.3079049089912565,2.442712277997302,0.0,NO ALERT,NO ALERT,20260930,06
subbasin,CAU,Cauvery Upper,Cauvery Basin,Cauvery Upper,10958.799342,10.453125,3.1091783061023954,0.3,3.1359375,0.0,NO ALERT,NO ALERT,20260930,06
subbasin,CHA,Chautang and others,Indus (Up to border) Basin,Chautang and others,27704.2449767,0.0,1.891493865223173,1.0,0.0,0.0,NO ALERT,NO ALERT,20260930,06
subbasin,CHE,Chenab,Indus (Up to border) Basin,Chenab,29981.3828085,0.6783854166666667,3.833188831640756,3.0,2.03515625,0.0,NO ALERT,NO ALERT,20260930,06
subbasin,CHL,Chambal Lower,Ganga Basin,Chambal Lower,10941.2620969,0.0,3.7566787335598404,1.0,0.0,0.0,NO ALERT,NO ALERT,20260930,06
subbasin,CHR,Churu,Indus (Up to border) Basin,Churu,66832.7547281,0.0,1.3057135113589105,1.0,0.0,0.0,NO ALERT,NO ALERT,20260930,06
subbasin,CHU,Chambal Upper,Ganga Basin,Chambal Upper,25546.5699826,0.0,3.0211781978380374,1.0,0.0,0.0,NO ALERT,NO ALERT,20260930,06
subbasin,DAL,Drainage Area of Lakshadweep Islands,Drainage Area of Lakshadweep Islands Basin,Drainage Area of Lakshadweep Islands,669.812447676,0.0,0.0,1.0,0.0,0.0,NO ALERT,NO ALERT,20260930,06
subbasin,DAM,Damodar,Ganga Basin,Damodar,41965.4937886,0.1302966101694915,4.481319553803783,3.0,0.39088983050847453,0.0,NO ALERT,NO ALERT,20260930,06
subbasin,DAN,Drainage Area of Andaman and Nicobar Islands,Drainage Area of Andaman and Nicobar Islands Basin,Drainage Area of Andaman and Nicobar Islands,7577.85235893,1.7613636363636362,0.0,0.3,0.5284090909090908,0.0,NO ALERT,NO ALERT,20260930,06
subbasin,GAN,Gandak and others,Ganga Basin,Gandak and others,56260.4279485,0.09084302325581396,2.9315913445022823,1.0,0.09084302325581396,0.0,NO ALERT,NO ALERT,20260930,06
subbasin,GDL,Godavari Lower,Godavari Basin,Godavari Lower,44492.9272893,0.031762295081967214,4.508326154512929,1.0,0.031762295081967214,0.0,NO ALERT,NO ALERT,20260930,06
subbasin,GDM,Godavari Middle,Godavari Basin,Godavari Middle,36290.474892599996,0.0,3.0672754011989363,1.0,0.0,0.0,NO ALERT,NO ALERT,20260930,06
subbasin,GDU,Godavari Upper,Godavari Basin,Godavari Upper,21443.233252,0.03225806451612903,2.874925571261941,1.0,0.03225806451612903,0.0,NO ALERT,NO ALERT,20260930,06
subbasin,GHA,Ghaghara,Ganga Basin,Ghaghara,58634.1755549,0.12430555555555556,3.096033093374069,3.0,0.3729166666666667,0.0,NO ALERT,NO ALERT,20260930,06
subbasin,GHG,Ghaghara Confluence to Gomti confluence,Ganga Basin,Ghaghara Confluence to Gomti confluence,26254.0625402,0.0798611111111111,2.1982048672616847,1.0,0.0798611111111111,0.0,NO ALERT,NO ALERT,20260930,06
subbasin,GHO,Ghaghar and others,Indus (Up to border) Basin,Ghaghar and others,49978.9330453,0.0,1.8917377617510114,1.0,0.0,0.0,NO ALERT,NO ALERT,20260930,06
subbasin,GIL,Gilgit,Indus (Up to border) Basin,Gilgit,27088.6965445,1.2171052631578947,1.9789940905736434,1.6259843338767233,1.9789940905736434,0.0,NO ALERT,NO ALERT,20260930,06
subbasin,GOM,Gomti,Ganga Basin,Gomti,29865.2109004,0.004166666666666667,2.210692627430416,1.0,0.004166666666666667,0.0,NO ALERT,NO ALERT,20260930,06
subbasin,GTK,East flowing rivers between Godavari and krishna,East flowing rivers between Godavari and Krishna Basin,East flowing rivers between Godavari and krishna,10342.2894048,0.03365384615384615,3.412881438143638,1.0,0.03365384615384615,0.0,NO ALERT,NO ALERT,20260930,06
subbasin,IMP,Imphal and others,Minor rivers draining into Myanmar Basin,Imphal and others,16754.8996877,6.229166666666667,4.290933266977883,0.6888454742974528,4.290933266977883,0.0,NO ALERT,NO ALERT,20260930,06
subbasin,IND,Indravati,Godavari Basin,Indravati,38306.103516099996,0.08680555555555557,4.792500536362648,1.0,0.08680555555555557,0.0,NO ALERT,NO ALERT,20260930,06
subbasin,JHE,Jhelum,Indus (Up to border) Basin,Jhelum,29200.5186975,0.3816489361702128,2.3267747216827837,3.0,1.1449468085106385,0.0,NO ALERT,NO ALERT,20260930,06
subbasin,KAS,Kali Sindh and others up to Confluence with Parbati,Ganga Basin,Kali Sindh and others up to Confluence with Parbati,48492.609462,0.0,4.001847771976159,1.0,0.0,0.0,NO ALERT,NO ALERT,20260930,06
subbasin,KOS,Kosi,Ganga Basin,Kosi,18413.5817315,0.1087962962962963,2.899921549668414,3.0,0.3263888888888889,0.0,NO ALERT,NO ALERT,20260930,06
subbasin,KPO,Karnaphuli and Others,Minor rivers draining into Bangladesh Basin,Karnaphuli and Others,3776.83637815,10.020833333333334,6.696337351713279,0.6682415652437367,6.696337351713279,0.0,NO ALERT,NO ALERT,20260930,06
subbasin,KRL,Krishna Lower,Krishna Basin,Krishna Lower,39494.3345917,0.009433962264150943,3.5744423458540924,1.0,0.009433962264150943,0.0,NO ALERT,NO ALERT,20260930,06
subbasin,KRM,Krishna Middle,Krishna Basin,Krishna Middle,22229.122290299998,0.00390625,3.2984080928868984,1.0,0.00390625,0.0,NO ALERT,NO ALERT,20260930,06
subbasin,KRU,Krishna Upper,Krishna Basin,Krishna Upper,54504.7707132,3.8240131578947367,2.5974079169351785,0.6792361348372424,2.5974079169351785,0.0,NO ALERT,NO ALERT,20260930,06
subbasin,KTP,East flowing rivers between krishna and Pennar,East flowing rivers between Krishna and Pennar Basin,East flowing rivers between krishna and Pennar,23334.6280124,0.013671875,3.0245074650355654,1.0,0.013671875,0.0,NO ALERT,NO ALERT,20260930,06
subbasin,KYN,Kynchiang and other south flowing rivers,Barak and others Basin,Kynchiang and other south flowing rivers,10267.390013600001,5.491666666666666,11.112209221828202,2.023467536599976,11.112209221828202,0.0,MODERATE,NO ALERT,20260930,06
subbasin,LIN,Lower Indus,Indus (Up to border) Basin,Lower Indus,23894.095446299998,0.253125,1.5390467633347806,3.0,0.7593749999999999,0.0,NO ALERT,NO ALERT,20260930,06
subbasin,LUL,Luni Lower,West flowing rivers of Kutch and Saurashtra including Luni Basin,Luni Lower,29180.1166377,0.0,2.176386005048168,1.0,0.0,0.0,NO ALERT,NO ALERT,20260930,06
subbasin,LUU,Luni Upper,West flowing rivers of Kutch and Saurashtra including Luni Basin,Luni Upper,70202.5788834,0.0,1.9437585414186618,1.0,0.0,0.0,NO ALERT,NO ALERT,20260930,06
subbasin,MAJ,Manjra,Godavari Basin,Manjra,29472.8781663,0.0,3.851410763465323,1.0,0.0,0.0,NO ALERT,NO ALERT,20260930,06
subbasin,MAL,Mahanadi Lower,Mahanadi Basin,Mahanadi Lower,57958.8771578,0.32514880952380953,3.716829845853106,3.0,0.9754464285714286,0.0,NO ALERT,NO ALERT,20260930,06
subbasin,MAM,Mahanadi Middle,Mahanadi Basin,Mahanadi Middle,51895.912271199995,0.0033333333333333335,3.8449626910825296,1.0,0.0033333333333333335,0.0,NO ALERT,NO ALERT,20260930,06
subbasin,MAN,Mangpui Lui and others,Minor rivers draining into Myanmar Basin,Mangpui Lui and others,7976.1826088,14.505208333333334,6.584150869256422,0.4539163256363493,6.584150869256422,0.0,NO ALERT,NO ALERT,20260930,06
subbasin,MAU,Mahanadi Upper,Mahanadi Basin,Mahanadi Upper,29796.635875400003,0.019345238095238096,3.2624849298564307,1.0,0.019345238095238096,0.0,NO ALERT,NO ALERT,20260930,06
subbasin,MHL,Mahi Lower,Mahi Basin,Mahi Lower,13092.144778,0.0,2.9736269656485503,1.0,0.0,0.0,NO ALERT,NO ALERT,20260930,06
subbasin,MHO,Muhury and Others,Minor rivers draining into Bangladesh Basin,Muhury and Others,1676.3936024500001,9.34375,7.019970971937866,0.7513012411438519,7.019970971937866,0.0,NO ALERT,NO ALERT,20260930,06
subbasin,MHU,Mahi Upper,Mahi Basin,Mahi Upper,24959.804656099997,0.0,3.3312852275190594,1.0,0.0,0.0,NO ALERT,NO ALERT,20260930,06
subbasin,NAG,Nagvati and other,East flowing rivers between Mahanadi and Godavari Basin,Nagvati and other,24372.2391257,0.09628378378378379,3.5962806268074274,1.0,0.09628378378378379,0.0,NO ALERT,NO ALERT,20260930,06
subbasin,NAL,Narmada Lower,Narmada Basin,Narmada Lower,9725.401358770001,0.0,4.1365187625444095,1.0,0.0,0.0,NO ALERT,NO ALERT,20260930,06
subbasin,NAM,Narmada Middle,Narmada Basin,Narmada Middle,40575.718659599996,0.0,2.9879531433974917,1.0,0.0,0.0,NO ALERT,NO ALERT,20260930,06
subbasin,NAO,Naoch chara and others,Barak and others Basin,Naoch chara and others,7695.8122394600005,7.221153846153846,5.8713845428067595,0.8130812149825606,5.8713845428067595,0.0,NO ALERT,NO ALERT,20260930,06
subbasin,NAU,Narmada Upper,Narmada Basin,Narmada Upper,43192.6765088,0.09791666666666667,3.991767010199901,1.0,0.09791666666666667,0.0,NO ALERT,NO ALERT,20260930,06
subbasin,NET,Netravati and others,West flowing rivers South of Tapi Basin,Netravati and others,18762.0879077,1.8299999999999998,12.069068100071934,3.0,5.489999999999999,0.0,NO ALERT,NO ALERT,20260930,06
subbasin,PAL,Palar and other,East flowing rivers between Pennar and Cauvery Basin,Palar and other,35392.3393366,1.72265625,3.4522174102446668,2.0040082925683325,3.4522174102446663,0.0,NO ALERT,NO ALERT,20260930,06
subbasin,PAM,Pamba and others,East flowing rivers South of Cauvery Basin,Pamba and others,18289.4135022,6.111979166666667,2.4206562884253997,0.3960511353878796,2.4206562884253997,0.0,NO ALERT,NO ALERT,20260930,06
subbasin,PAR,Periyar and others,West flowing rivers South of Tapi Basin,Periyar and others,21895.2090182,3.7090517241379306,7.677294160800128,2.069880587223277,7.677294160800128,0.0,NO ALERT,NO ALERT,20260930,06
subbasin,PEL,Pennar Lower,Pennar Basin,Pennar Lower,17979.8549043,0.27864583333333337,3.07848772966052,3.0,0.8359375000000001,0.0,NO ALERT,NO ALERT,20260930,06
subbasin,PEU,Pennar Upper,Pennar Basin,Pennar Upper,36263.575012400004,1.3737244897959184,2.233901494024501,1.6261641330689034,2.233901494024501,0.0,NO ALERT,NO ALERT,20260930,06
subbasin,PON,Ponnaiyar and other,East flowing rivers between Pennar and Cauvery Basin,Ponnaiyar and other,28249.4865729,4.888513513513514,2.9394616355929566,0.6012996849588909,2.9394616355929566,0.0,NO ALERT,NO ALERT,20260930,06
subbasin,PRA,Pranhita and others,Godavari Basin,Pranhita and others,36119.600279599996,0.22916666666666669,3.9708877419892286,3.0,0.6875,0.0,NO ALERT,NO ALERT,20260930,06
subbasin,RAM,Ramganga,Ganga Basin,Ramganga,30839.689987,0.2421875,2.9523600162691586,3.0,0.7265625,0.0,NO ALERT,NO ALERT,20260930,06
subbasin,RAN,Drainage of Rann,West flowing rivers of Kutch and Saurashtra including Luni Basin,Drainage of Rann,21229.9018898,0.036290322580645164,2.0639744231830486,1.0,0.036290322580645164,0.0,NO ALERT,NO ALERT,20260930,06
subbasin,RAV,Ravi,Indus (Up to border) Basin,Ravi,13710.196473299999,0.35416666666666663,4.300742427600379,3.0,1.0625,0.0,NO ALERT,NO ALERT,20260930,06
subbasin,SAL,Sabarmati Lower,Sabarmati Basin,Sabarmati Lower,10865.3209002,0.28515625,2.2147609326133684,3.0,0.85546875,0.0,NO ALERT,NO ALERT,20260930,06
subbasin,SAR,Saraswati,West flowing rivers of Kutch and Saurashtra including Luni Basin,Saraswati,27260.8387238,0.039634146341463415,2.2501730793406844,1.0,0.039634146341463415,0.0,NO ALERT,NO ALERT,20260930,06
subbasin,SAU,Sabarmati Upper,Sabarmati Basin,Sabarmati Upper,19813.2727963,0.0,3.296464568593789,1.0,0.0,0.0,NO ALERT,NO ALERT,20260930,06
subbasin,SHE,Shetranjuli and other east flowing rivers,West flowing rivers of Kutch and Saurashtra including Luni Basin,Shetranjuli and other east flowing rivers,18221.670857200003,0.19711538461538464,2.8415888685608564,3.0,0.591346153846154,0.0,NO ALERT,NO ALERT,20260930,06
subbasin,SHK,Shaksgam,Area of North Ladakha not draining into Indus Basin,Shaksgam,6523.49752196,0.02840909090909091,0.8779576983242522,1.0,0.02840909090909091,0.0,NO ALERT,NO ALERT,20260930,06
subbasin,SHY,Shyok,Indus (Up to border) Basin,Shyok,38545.0481,0.16834677419354838,0.45176323308678157,2.683527707916691,0.45176323308678157,0.0,NO ALERT,NO ALERT,20260930,06
subbasin,SON,Sone,Ganga Basin,Sone,65110.052420800006,0.03092783505154639,3.779033300975229,1.0,0.03092783505154639,0.0,NO ALERT,NO ALERT,20260930,06
subbasin,SUB,Subernarekha,Subernarekha Basin,Subernarekha,25792.1620902,0.34966216216216217,5.118406907181328,3.0,1.0489864864864864,0.0,NO ALERT,NO ALERT,20260930,06
subbasin,SUL,Sutlaj Lower,Indus (Up to border) Basin,Sutlaj Lower,38442.7890103,0.0,2.1255712428198397,1.0,0.0,0.0,NO ALERT,NO ALERT,20260930,06
subbasin,SUM,Sulmar,Area of North Ladakha not draining into Indus Basin,Sulmar,22715.7309665,0.1644736842105263,0.4742984838751511,2.883734781960919,0.4742984838751511,0.0,NO ALERT,NO ALERT,20260930,06
subbasin,SUU,Sutlaj Upper,Indus (Up to border) Basin,Sutlaj Upper,21439.429926099998,0.373046875,2.137101888617067,3.0,1.119140625,0.0,NO ALERT,NO ALERT,20260930,06
subbasin,TAL,Tapi Lower,Tapi Basin,Tapi Lower,3618.19482315,0.05357142857142857,5.010212144305212,1.0,0.05357142857142857,0.0,NO ALERT,NO ALERT,20260930,06
subbasin,TAM,Tapi Middle,Tapi Basin,Tapi Middle,31766.674366299998,0.025815217391304348,2.576653137623802,1.0,0.025815217391304348,0.0,NO ALERT,NO ALERT,20260930,06
subbasin,TAU,Tapi Upper,Tapi Basin,Tapi Upper,28047.339302099997,0.00436046511627907,2.578611684005972,1.0,0.00436046511627907,0.0,NO ALERT,NO ALERT,20260930,06
subbasin,TON,Tons,Ganga Basin,Tons,16905.7373669,0.0,3.094132783799139,1.0,0.0,0.0,NO ALERT,NO ALERT,20260930,06
subbasin,TUL,Tungabhadra Lower,Krishna Basin,Tungabhadra Lower,41556.484720199995,3.5738636363636362,2.1693794920305685,0.6070123856874087,2.1693794920305685,0.0,NO ALERT,NO ALERT,20260930,06
subbasin,TUU,Tungabhadra Upper,Krishna Basin,Tungabhadra Upper,28519.4094375,6.3173076923076925,3.2741116753457136,0.5182764295828831,3.2741116753457136,0.0,NO ALERT,NO ALERT,20260930,06
subbasin,UGO,Upstream of Gomti confluece to Muzaffarnagar,Ganga Basin,Upstream of Gomti confluece to Muzaffarnagar,29061.3749822,0.001488095238095238,2.1645243354559685,1.0,0.001488095238095238,0.0,NO ALERT,NO ALERT,20260930,06
subbasin,UIN,Upper Indus,Indus (Up to border) Basin,Upper Indus,46450.1263776,0.12235915492957747,0.9535512898693023,3.0,0.3670774647887324,0.0,NO ALERT,NO ALERT,20260930,06
subbasin,VAI,Vaippar and others,East flowing rivers South of Cauvery Basin,Vaippar and others,20356.688641599998,2.6041666666666665,2.3582919190371814,0.9055840969102777,2.3582919190371814,0.0,NO ALERT,NO ALERT,20260930,06
subbasin,VAM,Vamsadhara and other,East flowing rivers between Mahanadi and Godavari Basin,Vamsadhara and other,21870.633760099998,0.7217741935483871,3.7718361439361967,3.0,2.1653225806451615,0.0,NO ALERT,NO ALERT,20260930,06
subbasin,VAR,Varrar and others,West flowing rivers South of Tapi Basin,Varrar and others,14164.6969417,3.2777777777777777,7.1878183325279155,2.1928937285678387,7.1878183325279155,0.0,NO ALERT,NO ALERT,20260930,06
subbasin,VAS,Vasishti and others,West flowing rivers South of Tapi Basin,Vasishti and others,27473.950096599998,4.1069078947368425,10.13157289211075,2.4669588780149523,10.13157289211075,0.0,MODERATE,NO ALERT,20260930,06
subbasin,WAR,Wardha,Godavari Basin,Wardha,46242.0943756,0.057692307692307696,3.5202358227384103,1.0,0.057692307692307696,0.0,NO ALERT,NO ALERT,20260930,06
subbasin,WEI,Weinganga,Godavari Basin,Weinganga,49695.4011135,0.13682432432432431,3.8995187571728085,3.0,0.4104729729729729,0.0,NO ALERT,NO ALERT,20260930,06
subbasin,YAL,Yamuna Lower,Ganga Basin,Yamuna Lower,124867.188956,0.00033783783783783786,3.106159726015862,1.0,0.00033783783783783786,0.0,NO ALERT,NO ALERT,20260930,06
subbasin,YAM,Yamuna Middle,Ganga Basin,Yamuna Middle,34586.3897844,0.0,2.4679567441325005,1.0,0.0,0.0,NO ALERT,NO ALERT,20260930,06
subbasin,YAU,Yamuna Upper,Ganga Basin,Yamuna Upper,35798.1884585,0.3203125,3.100061343605548,3.0,0.9609375,0.0,NO ALERT,NO ALERT,20260930,06
